"small_area","police_precinct","weight"
"4990076","BOTSHABELO","1.0"
"4990712","BOTSHABELO","1.0"
"4990568","BOTSHABELO","1.0"
"4990866","BOTSHABELO","1.0"
"4990535","BOTSHABELO","0.943664119999"
"4990254","BOTSHABELO","1.0"
"4990207","BOTSHABELO","1.0"
"4991214","BOTSHABELO","1.0"
"4991048","BOTSHABELO","1.0"
"4990711","BOTSHABELO","1.0"
"4990875","BOTSHABELO","1.0"
"4990406","BOTSHABELO","1.0"
"4991249","BOTSHABELO","1.0"
"4991128","BOTSHABELO","1.0"
"4990424","BOTSHABELO","1.0"
"4990988","BOTSHABELO","1.0"
"4990412","BOTSHABELO","1.0"
"4990571","BOTSHABELO","1.0"
"4990214","BOTSHABELO","1.0"
"4990365","BOTSHABELO","1.0"
"4990705","BOTSHABELO","1.0"
"4991112","BOTSHABELO","1.0"
"4990538","BOTSHABELO","1.0"
"4990625","BOTSHABELO","1.0"
"4991232","BOTSHABELO","1.0"
"4990960","BOTSHABELO","1.0"
"4990152","BOTSHABELO","1.0"
"4990774","BOTSHABELO","1.0"
"4991114","BOTSHABELO","1.0"
"4990821","BOTSHABELO","1.0"
"4991266","BOTSHABELO","1.0"
"4990241","BOTSHABELO","1.0"
"4990162","BOTSHABELO","1.0"
"4990487","BOTSHABELO","1.0"
"4990587","BOTSHABELO","1.0"
"4990453","BOTSHABELO","1.0"
"4990750","BOTSHABELO","1.0"
"4990485","BOTSHABELO","1.0"
"4990015","BOTSHABELO","1.0"
"4990009","BOTSHABELO","0.994627110899"
"4990063","BOTSHABELO","0.990510647704"
"4990784","BOTSHABELO","1.0"
"4990896","BOTSHABELO","1.0"
"4990940","BOTSHABELO","1.0"
"4991106","BOTSHABELO","1.0"
"4991113","BOTSHABELO","1.0"
"4991302","BOTSHABELO","0.98281404445"
"4990305","BOTSHABELO","1.0"
"4990531","BOTSHABELO","1.0"
"4990644","BOTSHABELO","1.0"
"4990776","BOTSHABELO","1.0"
"4990791","BOTSHABELO","1.0"
"4990792","BOTSHABELO","1.0"
"4990802","BOTSHABELO","1.0"
"4990862","BOTSHABELO","1.0"
"4990893","BOTSHABELO","1.0"
"4990948","BOTSHABELO","1.0"
"4991029","BOTSHABELO","1.0"
"4991046","BOTSHABELO","1.0"
"4991070","BOTSHABELO","1.0"
"4991124","BOTSHABELO","1.0"
"4991190","BOTSHABELO","1.0"
"4991206","BOTSHABELO","1.0"
"4990325","BOTSHABELO","1.0"
"4990335","BOTSHABELO","1.0"
"4990433","BOTSHABELO","1.0"
"4990521","BOTSHABELO","1.0"
"4990653","BOTSHABELO","1.0"
"4990724","BOTSHABELO","1.0"
"4990726","BOTSHABELO","1.0"
"4990749","BOTSHABELO","1.0"
"4990973","BOTSHABELO","0.998382285932"
"4991040","BOTSHABELO","1.0"
"4990986","BOTSHABELO","1.0"
"4990247","BOTSHABELO","1.0"
"4990361","BOTSHABELO","1.0"
"4990366","BOTSHABELO","1.0"
"4990481","BOTSHABELO","1.0"
"4990648","BOTSHABELO","1.0"
"4990654","BOTSHABELO","1.0"
"4990742","BOTSHABELO","1.0"
"4990801","BOTSHABELO","1.0"
"4990837","BOTSHABELO","1.0"
"4990888","BOTSHABELO","1.0"
"4990920","BOTSHABELO","1.0"
"4991191","BOTSHABELO","1.0"
"4991193","BOTSHABELO","1.0"
"4991220","BOTSHABELO","1.0"
"4990026","BOTSHABELO","0.867243745954"
"4991083","BOTSHABELO","1.0"
"4990267","BOTSHABELO","0.00236915197873"
"4990826","BOTSHABELO","0.935338220688"
"4990951","BOTSHABELO","0.948279018727"
"4990998","BOTSHABELO","0.957373825935"
"4990883","BOTSHABELO","1.0"
"4990388","BOTSHABELO","1.0"
"4991013","BOTSHABELO","0.941617978698"
"4990991","BOTSHABELO","0.985869406197"
"4991183","BOTSHABELO","1.0"
"4990983","BOTSHABELO","1.0"
"4990819","BOTSHABELO","0.984346336831"
"4991189","BOTSHABELO","0.972279557014"
"4990915","BOTSHABELO","1.0"
"4991158","BOTSHABELO","1.0"
"4991142","BOTSHABELO","1.0"
"4991246","BOTSHABELO","1.0"
"4990775","BOTSHABELO","1.0"
"4990431","BOTSHABELO","1.0"
"4990590","BOTSHABELO","1.0"
"4990771","BOTSHABELO","0.981869567727"
"4990688","BOTSHABELO","0.894402635177"
"4990413","BOTSHABELO","0.86640944718"
"4990952","BOTSHABELO","1.0"
"4991030","BOTSHABELO","1.0"
"4991004","BOTSHABELO","1.0"
"4990363","BOTSHABELO","1.0"
"4990348","BOTSHABELO","1.0"
"4990805","BOTSHABELO","1.0"
"4990475","BOTSHABELO","0.967707486424"
"4991087","BOTSHABELO","1.0"
"4991201","BOTSHABELO","1.0"
"4991080","BOTSHABELO","1.0"
"4990592","BOTSHABELO","1.0"
"4990963","BOTSHABELO","1.0"
"4990008","BOTSHABELO","0.989312752276"
"4991022","BOTSHABELO","1.0"
"4991041","BOTSHABELO","1.0"
"4990634","BOTSHABELO","0.971110009291"
"4990917","BOTSHABELO","1.0"
"4990464","BOTSHABELO","1.0"
"4990772","BOTSHABELO","1.0"
"4991064","BOTSHABELO","0.965461282793"
"4991082","BOTSHABELO","1.0"
"4990539","BOTSHABELO","1.0"
"4990604","BOTSHABELO","1.0"
"4990605","BOTSHABELO","0.970353034311"
"4990615","BOTSHABELO","1.0"
"4990707","BOTSHABELO","0.979075601798"
"4990909","BOTSHABELO","0.842137101903"
"4991069","BOTSHABELO","0.937671214437"
"4990911","BOTSHABELO","0.961321530936"
"2730146","KUBUSIEDRIFT","0.496887512084"
"2730068","KUBUSIEDRIFT","0.0223470541481"
"2730201","KUBUSIEDRIFT","0.488527292035"
"2720087","KUBUSIEDRIFT","0.0000778305706859"
"2730088","KUBUSIEDRIFT","0.430131847684"
"2720041","KUBUSIEDRIFT","1.94669721974E-9"
"2730060","KUBUSIEDRIFT","0.00010234236334"
"2730009","STUTTERHEIM","1.0"
"2730146","STUTTERHEIM","0.40141922012"
"2730068","STUTTERHEIM","0.107858557168"
"2730082","STUTTERHEIM","1.0"
"2730116","STUTTERHEIM","1.0"
"2730106","STUTTERHEIM","1.0"
"2730215","STUTTERHEIM","1.0"
"2730137","STUTTERHEIM","1.0"
"2730206","STUTTERHEIM","1.0"
"2730296","STUTTERHEIM","1.0"
"2730088","STUTTERHEIM","0.533871244382"
"2730005","STUTTERHEIM","0.998185996946"
"2730093","STUTTERHEIM","0.999209096341"
"2730150","STUTTERHEIM","0.00874997110772"
"2730280","STUTTERHEIM","1.0"
"2730235","STUTTERHEIM","1.0"
"2730282","STUTTERHEIM","1.0"
"2730268","STUTTERHEIM","1.0"
"2730269","STUTTERHEIM","1.0"
"2730228","STUTTERHEIM","1.0"
"2730207","STUTTERHEIM","1.0"
"2730199","STUTTERHEIM","1.0"
"2730222","STUTTERHEIM","1.0"
"2730285","STUTTERHEIM","1.0"
"2730122","STUTTERHEIM","1.0"
"2730161","STUTTERHEIM","1.0"
"2730113","STUTTERHEIM","1.0"
"2730310","STUTTERHEIM","1.0"
"2730136","STUTTERHEIM","1.0"
"2730238","STUTTERHEIM","1.0"
"2730119","STUTTERHEIM","1.0"
"2730179","STUTTERHEIM","1.0"
"2730142","STUTTERHEIM","1.0"
"2730103","STUTTERHEIM","1.0"
"2730245","STUTTERHEIM","1.0"
"2730107","STUTTERHEIM","1.0"
"2730227","STUTTERHEIM","1.0"
"2730294","STUTTERHEIM","1.0"
"2730232","STUTTERHEIM","1.0"
"2730303","STUTTERHEIM","1.0"
"2730298","STUTTERHEIM","1.0"
"2730233","STUTTERHEIM","1.0"
"2730274","STUTTERHEIM","1.0"
"2730295","STUTTERHEIM","1.0"
"2730243","STUTTERHEIM","1.0"
"2730284","STUTTERHEIM","1.0"
"2730259","STUTTERHEIM","1.0"
"2730300","STUTTERHEIM","1.0"
"2730213","STUTTERHEIM","1.0"
"2730230","STUTTERHEIM","1.0"
"2730293","STUTTERHEIM","1.0"
"2730292","STUTTERHEIM","1.0"
"2730223","STUTTERHEIM","1.0"
"2730297","STUTTERHEIM","1.0"
"2730063","STUTTERHEIM","1.0"
"2730026","STUTTERHEIM","1.0"
"2730186","STUTTERHEIM","1.0"
"2730154","STUTTERHEIM","1.0"
"2730217","STUTTERHEIM","1.0"
"2730271","STUTTERHEIM","1.0"
"2730275","STUTTERHEIM","1.0"
"2730091","STUTTERHEIM","0.0316978056115"
"2730096","STUTTERHEIM","0.000245580328797"
"2730130","STUTTERHEIM","0.00784163264703"
"2730060","STUTTERHEIM","1.0176415266E-7"
"2730078","STUTTERHEIM","1.0"
"2730313","STUTTERHEIM","1.0"
"2730125","STUTTERHEIM","1.0"
"2730156","STUTTERHEIM","1.0"
"2730037","STUTTERHEIM","0.000266259730405"
"2600024","STUTTERHEIM","0.000300948273059"
"2730218","STUTTERHEIM","0.996066904781"
"2730241","STUTTERHEIM","0.142387702283"
"2730003","STUTTERHEIM","0.000274407998156"
"2730014","STUTTERHEIM","0.997407377835"
"2730086","STUTTERHEIM","0.999864152889"
"2991806","MOTHERWELL","0.13744723903"
"2990045","MOTHERWELL","0.00000122067767509"
"2990538","MOTHERWELL","1.0"
"2990976","MOTHERWELL","1.0"
"2990952","MOTHERWELL","1.0"
"2990367","MOTHERWELL","1.0"
"2991171","MOTHERWELL","1.0"
"2991040","MOTHERWELL","1.0"
"2990954","MOTHERWELL","1.0"
"2990725","MOTHERWELL","1.0"
"2991432","MOTHERWELL","1.0"
"2991267","MOTHERWELL","0.0226486600616"
"2991352","MOTHERWELL","1.0"
"2990828","MOTHERWELL","1.0"
"2991181","MOTHERWELL","1.0"
"2990679","MOTHERWELL","1.0"
"2991335","MOTHERWELL","1.0"
"2991492","MOTHERWELL","0.442469809436"
"2990648","MOTHERWELL","1.0"
"2991635","MOTHERWELL","0.00131076835241"
"2991497","MOTHERWELL","0.999999822459"
"2991341","MOTHERWELL","1.0"
"2991002","MOTHERWELL","0.999753063598"
"2990776","MOTHERWELL","1.0"
"2991143","MOTHERWELL","1.0"
"2990569","MOTHERWELL","1.0"
"2991220","MOTHERWELL","0.00114717383272"
"2991001","MOTHERWELL","0.99773293213"
"2991383","MOTHERWELL","1.0"
"2991047","MOTHERWELL","1.0"
"2991415","MOTHERWELL","0.998857775893"
"2991506","MOTHERWELL","0.000144354244461"
"2991080","MOTHERWELL","1.0"
"2990866","MOTHERWELL","1.0"
"2990641","MOTHERWELL","1.0"
"2990507","MOTHERWELL","1.0"
"2990488","MOTHERWELL","1.0"
"2990786","MOTHERWELL","1.0"
"2991006","MOTHERWELL","1.0"
"2991748","MOTHERWELL","1.0"
"2991477","MOTHERWELL","1.0"
"2991275","MOTHERWELL","1.0"
"2991366","MOTHERWELL","1.0"
"2991646","MOTHERWELL","1.0"
"2991794","MOTHERWELL","1.0"
"2991730","MOTHERWELL","1.0"
"2991607","MOTHERWELL","1.0"
"2991454","MOTHERWELL","1.0"
"2991776","MOTHERWELL","1.0"
"2991597","MOTHERWELL","1.0"
"2991792","MOTHERWELL","1.0"
"2991719","MOTHERWELL","1.0"
"2990723","MOTHERWELL","0.991264980785"
"2991055","MOTHERWELL","0.994802441008"
"2990762","MOTHERWELL","1.0"
"2990426","MOTHERWELL","1.0"
"2990162","MOTHERWELL","1.0"
"2990477","MOTHERWELL","0.96662959279"
"2990589","MOTHERWELL","0.0321983292385"
"2991037","MOTHERWELL","1.0"
"2990565","MOTHERWELL","0.999949935989"
"2990915","MOTHERWELL","1.0"
"2990810","MOTHERWELL","1.0"
"2990344","MOTHERWELL","1.0"
"2990442","MOTHERWELL","1.0"
"2990481","MOTHERWELL","1.0"
"2990666","MOTHERWELL","1.0"
"2990668","MOTHERWELL","1.0"
"2990731","MOTHERWELL","1.0"
"2990744","MOTHERWELL","0.99999731469"
"2990751","MOTHERWELL","1.0"
"2990835","MOTHERWELL","1.0"
"2990897","MOTHERWELL","1.0"
"2990929","MOTHERWELL","1.0"
"2990930","MOTHERWELL","1.0"
"2990986","MOTHERWELL","1.0"
"2991104","MOTHERWELL","1.0"
"2991125","MOTHERWELL","1.0"
"2991752","MOTHERWELL","1.0"
"2990752","MOTHERWELL","0.998360954637"
"2991103","MOTHERWELL","0.998831224973"
"2991129","MOTHERWELL","1.0"
"2991347","MOTHERWELL","1.0"
"2991771","MOTHERWELL","1.0"
"2990003","MOTHERWELL","0.000903215632904"
"2991283","MOTHERWELL","1.0"
"2990865","MOTHERWELL","1.0"
"2991032","MOTHERWELL","1.0"
"2991329","MOTHERWELL","1.0"
"2990946","MOTHERWELL","1.0"
"2991155","MOTHERWELL","1.0"
"2990843","MOTHERWELL","1.0"
"2991146","MOTHERWELL","1.0"
"2991233","MOTHERWELL","0.997551420288"
"2990427","MOTHERWELL","1.0"
"2990687","MOTHERWELL","1.0"
"2991016","MOTHERWELL","1.0"
"2991801","MOTHERWELL","1.0"
"2990461","MOTHERWELL","1.0"
"2990632","MOTHERWELL","1.0"
"2990452","MOTHERWELL","1.0"
"2991018","MOTHERWELL","1.0"
"2990949","MOTHERWELL","1.0"
"2991234","MOTHERWELL","1.0"
"2990919","MOTHERWELL","1.0"
"2990983","MOTHERWELL","0.998779968459"
"2990808","MOTHERWELL","1.0"
"2990981","MOTHERWELL","1.0"
"2990823","MOTHERWELL","1.0"
"2990932","MOTHERWELL","1.0"
"2990782","MOTHERWELL","1.0"
"2990365","MOTHERWELL","1.0"
"2990563","MOTHERWELL","1.0"
"2990612","MOTHERWELL","1.0"
"2990014","MOTHERWELL","0.00749962793781"
"2991021","MOTHERWELL","1.0"
"2990697","MOTHERWELL","1.0"
"2990714","MOTHERWELL","1.0"
"2991145","MOTHERWELL","0.999487309517"
"2990883","MOTHERWELL","1.0"
"2990472","MOTHERWELL","0.999964218141"
"2990011","MOTHERWELL","0.00249808912042"
"2991356","MOTHERWELL","1.0"
"2990591","MOTHERWELL","1.0"
"2990561","MOTHERWELL","0.949946513267"
"2991056","MOTHERWELL","1.0"
"2990728","MOTHERWELL","1.0"
"2991593","MOTHERWELL","1.0"
"2990182","MOTHERWELL","1.0"
"2990761","MOTHERWELL","1.0"
"2990661","MOTHERWELL","1.0"
"2991164","MOTHERWELL","1.0"
"2990699","MOTHERWELL","1.0"
"2990673","MOTHERWELL","1.0"
"2991328","MOTHERWELL","1.0"
"2990557","MOTHERWELL","0.000411561150845"
"2991240","MOTHERWELL","0.929873658743"
"2991302","MOTHERWELL","1.0"
"2990478","MOTHERWELL","1.0"
"2990717","MOTHERWELL","0.000425534760823"
"2990794","MOTHERWELL","1.0"
"2990795","MOTHERWELL","1.0"
"2990875","MOTHERWELL","1.0"
"2991017","MOTHERWELL","1.0"
"2991038","MOTHERWELL","1.0"
"2991044","MOTHERWELL","1.0"
"2991091","MOTHERWELL","1.0"
"2991351","MOTHERWELL","1.0"
"2991587","MOTHERWELL","1.0"
"2990352","MOTHERWELL","1.0"
"2990374","MOTHERWELL","1.0"
"2990464","MOTHERWELL","1.0"
"2990767","MOTHERWELL","1.0"
"2990974","MOTHERWELL","1.0"
"2991089","MOTHERWELL","1.0"
"2991095","MOTHERWELL","1.0"
"2991106","MOTHERWELL","1.0"
"2991148","MOTHERWELL","1.0"
"2991340","MOTHERWELL","0.993548014918"
"2990184","KWADWESI","0.994098134733"
"2990816","KWADWESI","1.0"
"2991806","KWADWESI","0.0042654750572"
"2990268","KWADWESI","1.0"
"2990509","KWADWESI","1.0"
"2990379","KWADWESI","1.0"
"2990010","KWADWESI","0.0000144000604563"
"2990002","KWADWESI","0.000304819598793"
"2991077","KWADWESI","0.0500792153472"
"2991509","KWADWESI","0.991613301051"
"2991502","KWADWESI","1.0"
"2991513","KWADWESI","1.0"
"2991211","KWADWESI","1.0"
"2990155","KWADWESI","0.0973629019405"
"2991203","KWADWESI","1.0"
"2990433","KWADWESI","0.078112972937"
"2990862","KWADWESI","0.0201725764581"
"2991182","KWADWESI","0.350317152867"
"2990772","KWADWESI","1.0"
"2991394","KWADWESI","1.0"
"2991196","KWADWESI","1.0"
"2991430","KWADWESI","1.0"
"2990172","KWADWESI","0.998153269836"
"2990147","KWADWESI","0.999607399546"
"2991271","KWADWESI","1.0"
"2990964","KWADWESI","1.0"
"2990401","KWADWESI","1.0"
"2990312","KWADWESI","1.0"
"2991113","KWADWESI","1.0"
"2990489","KWADWESI","1.0"
"2990638","KWADWESI","1.0"
"2990847","KWADWESI","1.0"
"2990377","KWADWESI","1.0"
"2990318","KWADWESI","1.0"
"2990395","KWADWESI","1.0"
"2990483","KWADWESI","1.0"
"2990179","KWADWESI","1.0"
"2990063","KWADWESI","1.0"
"2990540","KWADWESI","1.0"
"2990439","KWADWESI","1.0"
"2990609","KWADWESI","0.0167190589807"
"2990198","KWADWESI","1.0"
"2990301","KWADWESI","1.0"
"2990793","KWADWESI","1.0"
"2990527","KWADWESI","1.0"
"2990600","KWADWESI","1.0"
"2990498","KWADWESI","1.0"
"2990232","KWADWESI","1.0"
"2990061","KWADWESI","1.0"
"2991248","KWADWESI","1.0"
"2990217","KWADWESI","1.0"
"2990833","KWADWESI","1.0"
"2990928","KWADWESI","0.996221438077"
"2990879","KWADWESI","0.117747482673"
"2991127","KWADWESI","1.0"
"2990042","KWADWESI","0.100691951749"
"2990608","KWADWESI","0.978044535128"
"2990681","KWADWESI","0.640617120098"
"2990624","KWADWESI","1.0"
"2990712","KWADWESI","0.0000206893697447"
"2991481","KWADWESI","0.784263968719"
"2991195","KWADWESI","1.0"
"2990855","KWADWESI","1.0"
"2990350","KWADWESI","1.0"
"2990437","KWADWESI","0.157866906432"
"2991418","KWADWESI","0.07561084227"
"2991161","KWADWESI","0.00188182354344"
"2990620","KWADWESI","1.0"
"2990428","KWADWESI","1.0"
"2990649","KWADWESI","1.0"
"2991004","KWADWESI","0.99804041945"
"2991652","KWADWESI","0.000944570567045"
"2990029","KWADWESI","0.675528949104"
"2990829","KWADWESI","1.0"
"2991134","KWADWESI","1.0"
"2990111","KWADWESI","1.0"
"2990894","KWADWESI","1.0"
"2991007","KWADWESI","1.0"
"2990368","KWADWESI","1.0"
"2990948","KWADWESI","1.0"
"2990644","KWADWESI","1.0"
"2990274","KWADWESI","0.999985622587"
"2990903","KWADWESI","1.0"
"2990502","KWADWESI","1.0"
"2990748","KWADWESI","0.990125989532"
"2990078","KWADWESI","1.0"
"2990844","KWADWESI","1.0"
"2990556","KWADWESI","1.0"
"2990584","KWADWESI","1.0"
"2990841","KWADWESI","1.0"
"2990771","KWADWESI","1.0"
"2990551","KWADWESI","1.0"
"2991472","KWADWESI","0.986885515918"
"2991530","KWADWESI","0.983165867848"
"2990905","KWADWESI","1.0"
"2991695","KWADWESI","0.0379631036182"
"2991187","KWADWESI","1.0"
"2990028","KWADWESI","0.130699260445"
"2991417","KWADWESI","0.0697106846574"
"2990139","KWADWESI","0.0817440310271"
"2990819","KWADWESI","0.0784507768421"
"2990899","KWADWESI","1.0"
"2990933","KWADWESI","1.0"
"2990985","KWADWESI","1.0"
"2991012","KWADWESI","1.0"
"2991192","KWADWESI","1.0"
"2991204","KWADWESI","1.0"
"2991259","KWADWESI","1.0"
"2991280","KWADWESI","1.0"
"2991309","KWADWESI","1.0"
"2991374","KWADWESI","0.998973222369"
"2991380","KWADWESI","1.0"
"2991424","KWADWESI","1.0"
"2990707","KWADWESI","0.936484661665"
"2990832","KWADWESI","0.0848016611337"
"2990486","KWADWESI","0.367374145711"
"2991264","KWADWESI","0.162580561348"
"2991239","KWADWESI","0.11575477688"
"2991799","KWADWESI","0.0557389104277"
"2990116","KWADWESI","0.993748591497"
"2991163","KWADWESI","0.15042169347"
"2990296","KWADWESI","0.0832129356825"
"2780084","CRADOCK","0.0000104225852615"
"2790012","CRADOCK","0.000471267337063"
"2790035","CRADOCK","0.000718209616527"
"2790033","CRADOCK","0.000256089915614"
"2780066","CRADOCK","1.0"
"2780035","CRADOCK","1.0"
"2780078","CRADOCK","1.0"
"2780047","CRADOCK","1.0"
"2780021","CRADOCK","1.0"
"2780090","CRADOCK","1.0"
"2780091","CRADOCK","1.0"
"2780067","CRADOCK","1.0"
"2780116","CRADOCK","1.0"
"2780083","CRADOCK","1.0"
"2780086","CRADOCK","1.0"
"2780045","CRADOCK","1.0"
"2780056","CRADOCK","1.0"
"2780113","CRADOCK","1.0"
"2780112","CRADOCK","1.0"
"2780109","CRADOCK","1.0"
"2780052","CRADOCK","1.0"
"2780105","CRADOCK","1.0"
"2780007","CRADOCK","1.0"
"2780057","CRADOCK","1.0"
"2780110","CRADOCK","1.0"
"2780073","CRADOCK","1.0"
"2780037","CRADOCK","1.0"
"2780051","CRADOCK","1.0"
"2780049","CRADOCK","1.0"
"2780097","CRADOCK","1.0"
"2780029","CRADOCK","1.0"
"2780024","CRADOCK","1.0"
"2780048","CRADOCK","1.0"
"2780055","CRADOCK","1.0"
"2780077","CRADOCK","1.0"
"2780054","CRADOCK","1.0"
"2780119","CRADOCK","1.0"
"2780085","CRADOCK","1.0"
"2780115","CRADOCK","1.0"
"2780102","CRADOCK","1.0"
"2780074","CRADOCK","1.0"
"2780099","CRADOCK","1.0"
"2780117","CRADOCK","0.999646386922"
"2780080","CRADOCK","1.0"
"2780121","CRADOCK","0.987197051659"
"2780061","CRADOCK","1.0"
"2790023","CRADOCK","0.0349071670639"
"2620072","CRADOCK","0.0000731115343394"
"2620056","CRADOCK","0.000338039443166"
"2770013","CRADOCK","0.00153346272206"
"2780093","CRADOCK","0.919993050611"
"2770005","CRADOCK","0.00248353323598"
"2780014","CRADOCK","0.999438827727"
"2780122","CRADOCK","1.0"
"2780031","CRADOCK","0.999996758783"
"2780104","CRADOCK","1.0"
"2780002","CRADOCK","1.0"
"2780003","CRADOCK","1.0"
"2780046","CRADOCK","1.0"
"2780043","CRADOCK","1.0"
"2780028","CRADOCK","1.0"
"2780063","CRADOCK","1.0"
"2780038","CRADOCK","1.0"
"2780071","CRADOCK","1.0"
"2780036","CRADOCK","1.0"
"2780059","CRADOCK","1.0"
"2780019","CRADOCK","1.0"
"2780026","CRADOCK","1.0"
"2780065","CRADOCK","1.0"
"2780039","CRADOCK","1.0"
"2780076","CRADOCK","1.0"
"2780030","CRADOCK","1.0"
"2780012","CRADOCK","1.0"
"2780072","CRADOCK","1.0"
"2780060","CRADOCK","1.0"
"2780016","CRADOCK","1.0"
"2780079","CRADOCK","1.0"
"2780081","CRADOCK","1.0"
"2780087","CRADOCK","1.0"
"2780088","CRADOCK","1.0"
"2780089","CRADOCK","1.0"
"2780092","CRADOCK","1.0"
"2780095","CRADOCK","1.0"
"2780114","CRADOCK","1.0"
"2790008","CRADOCK","0.0136660022164"
"2610008","CRADOCK","0.00154401635469"
"2620010","CRADOCK","0.0188124036999"
"2780041","CRADOCK","0.999123481201"
"2780100","CRADOCK","0.999685790742"
"2610018","CRADOCK","0.000646516685492"
"2780008","CRADOCK","0.0000949124967115"
"3780036","NOENIEPUT","0.193740365773"
"3770006","NOENIEPUT","0.413102860491"
"3770005","NOENIEPUT","0.999999667032"
"3770001","NOENIEPUT","0.864257835866"
"3790009","NOENIEPUT","0.219010793332"
"3790006","NOENIEPUT","0.366715788511"
"3790008","NOENIEPUT","0.0000452726934327"
"3790012","NOENIEPUT","0.0000174010703155"
"2850004","INDWE","0.105421538625"
"2850116","INDWE","0.0000517445210103"
"2870119","INDWE","0.932713290369"
"2870317","INDWE","0.00000711008388018"
"2880032","INDWE","0.0000770874978625"
"2830143","INDWE","0.805967728398"
"2830301","INDWE","0.966055472842"
"2830308","INDWE","0.264233438605"
"2830215","INDWE","1.0"
"2830289","INDWE","0.00000699853190331"
"2830297","INDWE","0.153126142217"
"2830180","INDWE","0.000107171881377"
"2830046","INDWE","0.031320977281"
"2830238","INDWE","0.000477961397331"
"2830076","INDWE","0.939744719424"
"2830088","INDWE","0.000285885456604"
"2830044","INDWE","7.60093045622E-7"
"2830236","INDWE","1.0"
"2830243","INDWE","1.0"
"2830274","INDWE","1.0"
"2830263","INDWE","1.0"
"2830246","INDWE","1.0"
"2830221","INDWE","1.0"
"2830219","INDWE","1.0"
"2830257","INDWE","1.0"
"2830284","INDWE","1.0"
"2830293","INDWE","1.0"
"2830169","INDWE","1.0"
"2830160","INDWE","1.0"
"2830266","INDWE","1.0"
"2830077","INDWE","0.00278148172697"
"2830015","INDWE","0.000192851898714"
"2870262","ROSSOUW","0.0000270524099023"
"2870119","ROSSOUW","0.0672867096309"
"2870085","ROSSOUW","1.0"
"2870317","ROSSOUW","0.416267824678"
"2870031","ROSSOUW","0.693765294271"
"2880013","ROSSOUW","0.00000306726636538"
"2880032","ROSSOUW","0.0639618118538"
"2830180","ROSSOUW","0.0000287441822012"
"2830076","ROSSOUW","0.0000221287694669"
"2860216","ELANDS HEIGHT","0.0496062456472"
"2860095","ELANDS HEIGHT","0.925406709241"
"2870143","ELANDS HEIGHT","0.0000079606180291"
"2860172","ELANDS HEIGHT","0.743218821928"
"2860012","ELANDS HEIGHT","0.126195471766"
"2860089","ELANDS HEIGHT","0.000627588330434"
"2860007","ELANDS HEIGHT","0.0000378415222208"
"2860147","ELANDS HEIGHT","0.0417310551852"
"2860050","ELANDS HEIGHT","1.0"
"2860096","ELANDS HEIGHT","0.0296151013345"
"2860188","MACLEAR","0.0652475157269"
"2860216","MACLEAR","0.950242133614"
"2860095","MACLEAR","0.0626616299862"
"2870143","MACLEAR","0.00000506121933716"
"2870223","MACLEAR","9.51856492714E-7"
"2860128","MACLEAR","0.00936452469855"
"2860200","MACLEAR","0.367635227739"
"2860096","MACLEAR","0.810528258602"
"2860187","MACLEAR","0.59726020547"
"2860203","MACLEAR","1.0"
"2860403","MACLEAR","1.0"
"2860120","MACLEAR","1.0"
"2860250","MACLEAR","1.0"
"2860377","MACLEAR","1.0"
"2860340","MACLEAR","1.0"
"2860392","MACLEAR","1.0"
"2860358","MACLEAR","1.0"
"2860337","MACLEAR","1.0"
"2860237","MACLEAR","1.0"
"2860299","MACLEAR","1.0"
"2860382","MACLEAR","1.0"
"2860261","MACLEAR","1.0"
"2860325","MACLEAR","1.0"
"2860271","MACLEAR","1.0"
"2860345","MACLEAR","1.0"
"2860334","MACLEAR","1.0"
"2860306","MACLEAR","1.0"
"2860398","MACLEAR","1.0"
"2860218","MACLEAR","1.0"
"2860360","MACLEAR","1.0"
"2860266","MACLEAR","0.00072384865444"
"2860381","MACLEAR","0.0709445238873"
"2860060","MACLEAR","0.149825974863"
"2860104","MACLEAR","0.0144426198277"
"2670002","WOLWEFONTEIN","0.132718169222"
"2660005","WOLWEFONTEIN","0.64659409765"
"2630005","WOLWEFONTEIN","0.997437380839"
"2660010","WOLWEFONTEIN","0.999705962331"
"2660004","WOLWEFONTEIN","0.073677758146"
"2660020","WOLWEFONTEIN","0.999784600497"
"2660007","WOLWEFONTEIN","0.0000510146131481"
"2660080","WOLWEFONTEIN","0.000177594179306"
"2660013","WOLWEFONTEIN","0.000119712409956"
"2630019","WOLWEFONTEIN","0.000152974151772"
"2630004","WOLWEFONTEIN","0.000615025588604"
"2670012","WOLWEFONTEIN","0.269891769543"
"2990068","ADDO","0.000112055383985"
"2660081","ADDO","0.502381897965"
"2660015","ADDO","1.0"
"2660033","ADDO","1.0"
"2660023","ADDO","1.0"
"2660052","ADDO","1.0"
"2660030","ADDO","1.0"
"2660051","ADDO","1.0"
"2660026","ADDO","1.0"
"2660036","ADDO","1.0"
"2660047","ADDO","1.0"
"2660029","ADDO","1.0"
"2660055","ADDO","1.0"
"2660059","ADDO","1.0"
"2660064","ADDO","1.0"
"2660068","ADDO","1.0"
"2660074","ADDO","1.0"
"2660075","ADDO","1.0"
"2660014","ADDO","1.0"
"2660018","ADDO","1.0"
"2660040","ADDO","1.0"
"2660043","ADDO","1.0"
"2660045","ADDO","1.0"
"2660054","ADDO","1.0"
"2660060","ADDO","1.0"
"2660069","ADDO","1.0"
"2660072","ADDO","1.0"
"2660078","ADDO","1.0"
"2660012","ADDO","0.00874495434135"
"2990035","ADDO","0.194286583434"
"2660082","ADDO","0.921933204111"
"2990045","ADDO","0.0016711116983"
"2660008","ADDO","0.20516863162"
"2660049","ADDO","1.0"
"2660050","ADDO","1.0"
"2991251","ADDO","0.000641881952878"
"7970129","KWA THEMA","0.00667968896518"
"7972259","KWA THEMA","0.211169289249"
"7970453","KWA THEMA","1.0"
"7970372","KWA THEMA","0.776890217098"
"7972143","KWA THEMA","1.0"
"7971975","KWA THEMA","0.951107170796"
"7971267","KWA THEMA","1.0"
"7971629","KWA THEMA","1.0"
"7971940","KWA THEMA","0.976720091144"
"7973649","KWA THEMA","0.776701872906"
"7973598","KWA THEMA","0.877592310543"
"7970284","KWA THEMA","1.0"
"7972867","KWA THEMA","1.0"
"7971263","KWA THEMA","1.0"
"7972913","KWA THEMA","0.739719597079"
"7971704","KWA THEMA","1.0"
"7972544","KWA THEMA","1.0"
"7971871","KWA THEMA","1.0"
"7971747","KWA THEMA","1.0"
"7972724","KWA THEMA","1.0"
"7971836","KWA THEMA","1.0"
"7971414","KWA THEMA","1.0"
"7970097","KWA THEMA","1.0"
"7970952","KWA THEMA","1.0"
"7973160","KWA THEMA","1.0"
"7972628","KWA THEMA","1.0"
"7972560","KWA THEMA","1.0"
"7972894","KWA THEMA","1.0"
"7971675","KWA THEMA","1.0"
"7973897","KWA THEMA","1.0"
"7972798","KWA THEMA","1.0"
"7973325","KWA THEMA","1.0"
"7973771","KWA THEMA","1.0"
"7972286","KWA THEMA","1.0"
"7971316","KWA THEMA","1.0"
"7971622","KWA THEMA","1.0"
"7972185","KWA THEMA","0.78647160239"
"7973220","KWA THEMA","1.0"
"7972746","KWA THEMA","1.0"
"7970876","KWA THEMA","1.0"
"7971126","KWA THEMA","1.0"
"7971362","KWA THEMA","1.0"
"7973397","KWA THEMA","1.0"
"7973144","KWA THEMA","1.0"
"7973639","KWA THEMA","1.0"
"7973978","KWA THEMA","1.0"
"7972529","KWA THEMA","0.950052179065"
"7970861","KWA THEMA","1.0"
"7972985","KWA THEMA","1.0"
"7972273","KWA THEMA","1.0"
"7973247","KWA THEMA","1.0"
"7972607","KWA THEMA","1.0"
"7972720","KWA THEMA","1.0"
"7973182","KWA THEMA","1.0"
"7972121","KWA THEMA","1.0"
"7973837","KWA THEMA","1.0"
"7972842","KWA THEMA","1.0"
"7972917","KWA THEMA","1.0"
"7972933","KWA THEMA","1.0"
"7974029","KWA THEMA","1.0"
"7973890","KWA THEMA","1.0"
"7973500","KWA THEMA","1.0"
"7973532","KWA THEMA","1.0"
"7972756","KWA THEMA","1.0"
"7972629","KWA THEMA","0.981206120183"
"7973587","KWA THEMA","1.0"
"7973793","KWA THEMA","1.0"
"7971071","KWA THEMA","1.0"
"7972159","KWA THEMA","1.0"
"7972408","KWA THEMA","1.0"
"7973868","KWA THEMA","1.0"
"7972623","KWA THEMA","1.0"
"7970985","KWA THEMA","1.0"
"7971986","KWA THEMA","1.0"
"7972686","KWA THEMA","1.0"
"7973792","KWA THEMA","1.0"
"7973367","KWA THEMA","1.0"
"7972115","KWA THEMA","1.0"
"7973333","KWA THEMA","1.0"
"7973757","KWA THEMA","1.0"
"7972657","KWA THEMA","1.0"
"7973408","KWA THEMA","1.0"
"7972079","KWA THEMA","1.0"
"7973732","KWA THEMA","0.955167321811"
"7974040","KWA THEMA","1.0"
"7973081","KWA THEMA","1.0"
"7973497","KWA THEMA","1.0"
"7973697","KWA THEMA","1.0"
"7973866","KWA THEMA","1.0"
"7971151","KWA THEMA","1.0"
"7972493","KWA THEMA","1.0"
"7970166","KWA THEMA","1.0"
"7974203","KWA THEMA","1.0"
"7972180","KWA THEMA","1.0"
"7970983","KWA THEMA","1.0"
"7971328","KWA THEMA","1.0"
"7971571","KWA THEMA","0.981373588819"
"7972858","KWA THEMA","0.886640187441"
"7970619","KWA THEMA","1.0"
"7971279","KWA THEMA","0.856978712461"
"7972136","KWA THEMA","1.0"
"7972678","KWA THEMA","0.985186863095"
"7970504","KWA THEMA","1.0"
"7973720","KWA THEMA","1.0"
"7970032","KWA THEMA","0.846624016345"
"7973268","KWA THEMA","0.52347892145"
"7970059","KWA THEMA","0.883293726468"
"7972791","KWA THEMA","1.0"
"7970253","KWA THEMA","0.336930735864"
"7970011","KWA THEMA","0.0209196774833"
"7973621","KWA THEMA","1.0"
"7973832","KWA THEMA","0.679137147157"
"7973950","KWA THEMA","1.0"
"7974054","KWA THEMA","1.0"
"7973642","KWA THEMA","0.931237908813"
"7973575","KWA THEMA","1.0"
"7973237","KWA THEMA","0.889230433613"
"7973970","KWA THEMA","1.0"
"7973465","KWA THEMA","1.0"
"7973836","KWA THEMA","1.0"
"7973483","KWA THEMA","1.0"
"7973403","KWA THEMA","1.0"
"7972600","KWA THEMA","0.663030759014"
"7973559","KWA THEMA","0.928165480614"
"7970006","KWA THEMA","1.0"
"7973511","KWA THEMA","0.874882984751"
"7974188","KWA THEMA","1.0"
"7973143","KWA THEMA","1.0"
"7973454","KWA THEMA","0.867877834282"
"7972861","KWA THEMA","1.0"
"7971840","KWA THEMA","0.650407587565"
"7970748","KWA THEMA","1.0"
"7972782","KWA THEMA","0.952263432951"
"7973404","KWA THEMA","1.0"
"7973842","KWA THEMA","1.0"
"7973090","KWA THEMA","0.664995310593"
"7973496","KWA THEMA","1.0"
"7973226","KWA THEMA","1.0"
"7973969","KWA THEMA","1.0"
"7973886","KWA THEMA","1.0"
"7971741","KWA THEMA","0.735128264803"
"7973494","KWA THEMA","1.0"
"7971744","KWA THEMA","1.0"
"7970443","KWA THEMA","0.698917702648"
"7973915","KWA THEMA","0.852590658065"
"7973278","KWA THEMA","0.855217532747"
"7970981","BRAKPAN","0.0172487233814"
"7970011","BRAKPAN","0.958266098464"
"7973642","BRAKPAN","0.0687620911867"
"7971163","BRAKPAN","1.0"
"7973237","BRAKPAN","0.110769566387"
"7970630","BRAKPAN","1.0"
"7973281","BRAKPAN","0.99032822359"
"7971396","BRAKPAN","1.0"
"7973559","BRAKPAN","0.071834519386"
"7973511","BRAKPAN","0.125117015249"
"7971469","BRAKPAN","0.943316787327"
"7970493","BRAKPAN","0.89923432522"
"7973454","BRAKPAN","0.132122165718"
"7970650","BRAKPAN","0.949741945355"
"7972782","BRAKPAN","0.0477365670491"
"7970232","BRAKPAN","0.907337698056"
"7971220","BRAKPAN","0.90719692931"
"7974524","BRAKPAN","0.00234474474689"
"7972222","BRAKPAN","0.997767849551"
"7972660","BRAKPAN","1.0"
"7973103","BRAKPAN","1.0"
"7973754","BRAKPAN","1.0"
"7973455","BRAKPAN","0.989107398729"
"7971433","BRAKPAN","1.0"
"7972742","BRAKPAN","1.0"
"7970433","BRAKPAN","0.997837128672"
"7970209","BRAKPAN","1.0"
"7970280","BRAKPAN","1.0"
"7970273","BRAKPAN","1.0"
"7971631","BRAKPAN","0.960334385928"
"7970095","BRAKPAN","0.0403786628473"
"7972238","BRAKPAN","0.00160877581637"
"7970228","BRAKPAN","0.999529298551"
"7970817","BRAKPAN","1.0"
"7970841","BRAKPAN","1.0"
"7971358","BRAKPAN","1.0"
"7971480","BRAKPAN","1.0"
"7971597","BRAKPAN","1.0"
"7972001","BRAKPAN","1.0"
"7970845","BRAKPAN","1.0"
"7972621","BRAKPAN","1.0"
"7971042","BRAKPAN","1.0"
"7971256","BRAKPAN","1.0"
"7971607","BRAKPAN","1.0"
"7972711","BRAKPAN","1.0"
"7973090","BRAKPAN","0.0099604097225"
"7971741","BRAKPAN","0.264871735197"
"7970443","BRAKPAN","0.301082297351"
"7974336","BRAKPAN","0.883821601721"
"7973915","BRAKPAN","0.147409341936"
"7973278","BRAKPAN","0.144782467253"
"7972170","BRAKPAN","1.0"
"7972179","BRAKPAN","1.0"
"7971063","BRAKPAN","1.0"
"7972700","BRAKPAN","1.0"
"7970677","BRAKPAN","1.0"
"7970038","BRAKPAN","1.0"
"7973310","BRAKPAN","1.0"
"7970565","BRAKPAN","1.0"
"7972106","BRAKPAN","1.0"
"7972026","BRAKPAN","1.0"
"7970908","BRAKPAN","1.0"
"7971969","BRAKPAN","1.0"
"7970092","BRAKPAN","1.0"
"7972541","BRAKPAN","1.0"
"7970090","BRAKPAN","1.0"
"7971520","BRAKPAN","1.0"
"7970091","BRAKPAN","1.0"
"7973215","BRAKPAN","1.0"
"7971198","BRAKPAN","1.0"
"7971738","BRAKPAN","1.0"
"7970027","BRAKPAN","1.0"
"7971706","BRAKPAN","1.0"
"7970877","BRAKPAN","1.0"
"7973418","BRAKPAN","1.0"
"7972244","BRAKPAN","1.0"
"7970033","BRAKPAN","1.0"
"7970152","BRAKPAN","1.0"
"7970046","BRAKPAN","1.0"
"7971884","BRAKPAN","1.0"
"7970003","BRAKPAN","1.0"
"7970144","BRAKPAN","1.0"
"7970047","BRAKPAN","1.0"
"7972503","BRAKPAN","1.0"
"7972801","BRAKPAN","1.0"
"7971617","BRAKPAN","1.0"
"7970534","BRAKPAN","1.0"
"7970053","BRAKPAN","1.0"
"7970137","BRAKPAN","1.0"
"7971204","BRAKPAN","1.0"
"7972014","BRAKPAN","1.0"
"7970579","BRAKPAN","1.0"
"7972092","BRAKPAN","1.0"
"7972589","BRAKPAN","1.0"
"7972207","BRAKPAN","1.0"
"7971011","BRAKPAN","0.999840886513"
"7970085","BRAKPAN","0.00149008167306"
"7970062","BRAKPAN","0.00000426153105498"
"7970362","BRAKPAN","0.0547094963752"
"7970010","BRAKPAN","0.998967982216"
"7970389","BRAKPAN","1.0"
"7970466","BRAKPAN","1.0"
"7971099","BRAKPAN","1.0"
"7971501","BRAKPAN","1.0"
"7971624","BRAKPAN","1.0"
"7971886","BRAKPAN","1.0"
"7971903","BRAKPAN","1.0"
"7971973","BRAKPAN","1.0"
"7972041","BRAKPAN","1.0"
"7972392","BRAKPAN","1.0"
"7972912","BRAKPAN","1.0"
"7973224","BRAKPAN","1.0"
"7973393","BRAKPAN","1.0"
"7973451","BRAKPAN","1.0"
"7973466","BRAKPAN","1.0"
"7973586","BRAKPAN","1.0"
"7973710","BRAKPAN","1.0"
