Applicant Name,MCC Medicine Reg No ,Medicine Schedule,Proprietary Name,Active Ingredients,Strength,Unit,Dosage Form,Pack Size,Quantity,SEP,Unit Price,Effective Date,Originator or Generic
Applicant Name,MCC Medicine Reg No ,Medicine Schedule,Proprietary Name,Active Ingredients,Strength,Unit,Dosage Form,Pack Size,Quantity,SEP,Unit Price,Effective Date,Originator or Generic
Abbott Laboratories SA Pty Ltd,35/4/0193,S4,Chirocane 10ml  ,Levobupivacaine,5,mg/ml,INJ,10,10,578.69,5.79,07/01/2014 12:00:00 AM,Originator
Abbott Laboratories SA Pty Ltd,35/4/0194,S4,Chirocane 10ml  ,Levobupivacaine,7.5,mg/ml,INJ,10,10,715.46,7.15,07/01/2014 12:00:00 AM,Originator
Abbott Laboratories SA Pty Ltd,35/20.2.8/0254,S4,Kaletra,Lopinavir,133.3,mg,CAP,180,1,430.71,2.39,03/27/2014 12:00:00 AM,Originator
,,,,Ritonavir,20,mg,,,,,,,
Abbott Laboratories SA Pty Ltd,35/20.2.28/0255,S4,Kaletra,Lopinavir,80,mg,SOL,60,5,261.85,0.87,07/01/2014 12:00:00 AM,Originator
,,,,Ritonavir,20,mg,,,,,,,
Abbott Laboratories SA Pty Ltd,34/2.9/0239,S5,Precedex,Dexmedetomidine hydrochloride,100,mcg/ml,INJ,2,5,3545.31,354.53,07/01/2014 12:00:00 AM,Originator
Abbott Laboratories SA Pty Ltd,X/20.1.1/229,S4,Clacee 250mg,Clarithromycin,250,mg,TAB,10,1,80.51,8.05,03/27/2014 12:00:00 AM,Generic
Abbott Laboratories SA Pty Ltd,29/20.1.1/0163,S4,Clacee 500mg,Clarithromycin,500,mg,TAB,10,1,85.15,8.51,03/27/2014 12:00:00 AM,Generic
Abbott Laboratories SA Pty Ltd,29/20.1.1/0163,S4,Clacee 500mg,Clarithromycin,500,mg,TAB,14,1,119.22,8.51,03/27/2014 12:00:00 AM,Generic
Abbott Laboratories SA Pty Ltd,37/30.2/0252,S4,Humira,Adalimumab,40,mg,INJ,0.8,2,8511.69,5319.81,07/01/2014 12:00:00 AM,Originator
Abbott Laboratories SA Pty Ltd,A39/7.1.3/0531,S3,Mavik (was Gopten) ,Trandolapril,4,mg,CAP,30,1,163.37,5.45,03/27/2014 12:00:00 AM,Originator
Abbott Laboratories SA Pty Ltd,G/2.1/209,S5,Forane 100ml,Isoflurane ,100,ml,INF,100,1,664.75,6.65,03/27/2014 12:00:00 AM,Originator
Abbott Laboratories SA Pty Ltd,41/20.2.8/0217,S4,Aluvia,Lopinavir,200,mg,TAB,120,1,261.85,2.18,03/27/2014 12:00:00 AM,Originator
,,,,Ritonavir,50,mg,,,,,,,
Abbott Laboratories SA Pty Ltd,41/20.2.8/0217,S4,Aluvia,Lopinavir,200,mg,TAB,112,1,244.39,2.18,03/27/2014 12:00:00 AM,Originator 
,,,,Ritonavir,50,mg,,,,,,,
Abbott Laboratories SA Pty Ltd,33/11.3/0027,S5,Ectiva 10mg,Sibutramine hydrochloride,10,mg,CAP,30,1,205.2,6.84,03/27/2014 12:00:00 AM,Generic
Abbott Laboratories SA Pty Ltd,33/11.3/0028,S5,Ectiva 15mg,Sibutramine hydrochloride,15,mg,CAP,30,1,239.4,7.98,03/27/2014 12:00:00 AM,Generic
Abbott Laboratories SA Pty Ltd,34/3.3/0178,S2,Mucolator,Acetylcysteine,200,mg,SAC,30,1,47.01,1.57,03/27/2014 12:00:00 AM,Generic
Abbott Laboratories SA Pty Ltd,R/3.1/71,S3,Brufen ,Ibuprofen,600,mg,TAB,20,1,49.68,2.48,03/27/2014 12:00:00 AM,Originator
Abbott Laboratories SA Pty Ltd,R/3.1/71,S3,Brufen ,Ibuprofen,600,mg,TAB,100,1,247.62,2.48,03/27/2014 12:00:00 AM,Originator
Abbott Laboratories SA Pty Ltd,Q/3.1/323,S3,Brufen Paediatric,Ibuprofen,100,mg/5ml,SUS,100,1,43.05,0.43,03/27/2014 12:00:00 AM,Originator
Abbott Laboratories SA Pty Ltd,A39/7.1.3/0508,S3,Tarka Bilayer,Verapamil HCl/Trandolapril,180,mg,TAB,30,1,308,10.27,03/27/2014 12:00:00 AM,Originator
Abbott Laboratories SA Pty Ltd,A39/7.1.3/0547,S3,Tarka Bilayer,Verapamil HCl/Trandolapril,240,mg,TAB,30,1,308,10.27,03/27/2014 12:00:00 AM,Originator
Abbott Laboratories SA Pty Ltd,43/20.2.8/0356,S4,Aluvia 100/25,Lopinavir/,100,mg,TAB,60,1,65.47,1.09,03/27/2014 12:00:00 AM,Generic
,,,,Ritonavir,25,mg,,,,,,,
Abbott Laboratories SA Pty Ltd,43/20.2.8/0356,S4,Aluvia 100/25,Lopinavir,100,mg,TAB,56,1,61.11,1.09,03/27/2014 12:00:00 AM,Originator 
,,,,Ritonavir,25,mg,,,,,,,
Abbott Laboratories SA Pty Ltd,37/30.2/0252,S4,Humira 40mg,Adalimumab,40,mg/0.8ml,PED,0.8,2,8511.68,5319.8,07/01/2014 12:00:00 AM,Originator
Abbott Laboratories SA Pty Ltd,42/21.3/0670,S3,Synthroid 25 µg,Levothyroxine Sodium,25,µg,TAB,90,1,48.45,0.54,03/27/2014 12:00:00 AM,Originator
Abbott Laboratories SA Pty Ltd,42/21.3/0671,S3,Synthroid 50 µg,Levothyroxine Sodium,50,µg,TAB,90,1,63.19,0.7,03/27/2014 12:00:00 AM,Originator
Abbott Laboratories SA Pty Ltd,42/21.3/0673,S3,Synthroid 88 µg,Levothyroxine Sodium,88,µg,TAB,90,1,80.05,0.89,03/27/2014 12:00:00 AM,Originator
Abbott Laboratories SA Pty Ltd,42/21.3/0674,S3,Synthroid 100 µg,Levothyroxine Sodium,100,µg,TAB,90,1,89.52,0.99,03/27/2014 12:00:00 AM,Originator
Abbott Laboratories SA Pty Ltd,42/21.3/0675,S3,Synthroid 112 µg,Levothyroxine Sodium,112,µg,TAB,90,1,96.19,1.07,03/27/2014 12:00:00 AM,Originator
Abbott Laboratories SA Pty Ltd,H646 Act 101 of 1965,S3,Isoptin  40mg  ,Verapamil,40,mg,TAB,100,1,95.32,0.95,03/27/2014 12:00:00 AM,Originator
Abbott Laboratories SA Pty Ltd,H647 Act 101 of 1965,S3,Isoptin 2ml  ,Verapamil,5,mg,INJ,5,,142.93,28.59,03/27/2014 12:00:00 AM,originator
Abbott Laboratories SA Pty Ltd,V/7.1/280,S3,Isoptin SR,Verapamil,240,mg,SRT,30,1,186.9,6.23,03/27/2014 12:00:00 AM,Originator
Abbott Laboratories SA Pty Ltd,V/7.1/280,S3,Isoptin  SR ,Verapamil,240,mg,TAB,100,1,623.08,6.23,03/27/2014 12:00:00 AM,Originator
Abbott Laboratories SA Pty Ltd,J/27/334,S4,Metalcaptase ,Penicillamine,300,mg,CAP,100,1,2071.56,20.72,03/27/2014 12:00:00 AM,Originator
Abbott Laboratories SA Pty Ltd,B1041 Act 101 of 1965,S6,Paracodin ,Dihydrocodeine,12.1,mg/5ml,SYR,100,1,22.46,0.22,03/27/2014 12:00:00 AM,Originator
Abbott Laboratories SA Pty Ltd,B1041 Act 101 of 1965,S6,Paracodin ,Dihydrocodeine,12.1,mg/5ml,SYR,200,1,43.91,0.22,03/27/2014 12:00:00 AM,Originator
Abbott Laboratories SA Pty Ltd,F/1.2/161,S5,Prothiaden,Dosulepin,25,mg,CAP,100,1,227.11,2.27,03/27/2014 12:00:00 AM,Originator
Abbott Laboratories SA Pty Ltd,R/6.2/149,S4,Rythmol,Propafenone,150,mg,TAB,100,1,639.78,6.4,03/27/2014 12:00:00 AM,Originator
Abbott Laboratories SA Pty Ltd,R/6.2/150,S4,Rythmol,Propafenone,300,mg,TAB,100,1,1290.47,12.9,03/27/2014 12:00:00 AM,Originator
Abbott Laboratories SA Pty Ltd,S/21.10/51,S4,Lucrin  ,Leuprorelin,5,mg/ml,INJ,2.8,1,909.07,324.67,03/27/2014 12:00:00 AM,Generic
Abbott Laboratories SA Pty Ltd,RX/5.1/252,S1,Ephedrine sulf 1ml ,Ephedrine,50,mg/ml,INJ,1,10,328.08,32.81,07/01/2014 12:00:00 AM,Originator
Abbott Laboratories SA Pty Ltd,Y/3.1/13,S3,Brufe Retard,Ibuprofen,800,mg,TAB,60,1,330.74,5.51,03/27/2014 12:00:00 AM,Originator
Abbott Laboratories SA Pty Ltd,2/10.2.2/211,S1,Survanta 8ml ,Beractant,25,mg/ml,INJ,8,1,7729.42,966.18,03/27/2014 12:00:00 AM,Originator
Abbott Laboratories SA Pty Ltd,H630 Act 101 of 1965,S1,Phenylephrine HCL  ,Phenylephrine,10,mg/ml,INJ,10,1,674.45,67.45,03/27/2014 12:00:00 AM,Originator
Abbott Laboratories SA Pty Ltd,H630 Act 101 of 1965,S1,Phenylephedrine,Phenylephrine HCL,10,mg/ml,INJ,5,1,337.23,67.45,03/27/2014 12:00:00 AM,Originator
Abbott Laboratories SA Pty Ltd,28/7.1.3/0261,S3,Mavik (was Gopten) ,Trandolapril,0.5,mg,CAP,30,1,157.17,5.24,03/27/2014 12:00:00 AM,Originator
Abbott Laboratories SA Pty Ltd,28/7.1.3/0263,S3,Mavik (was Gopten) ,Trandolapril,2,mg,CAP,30,1,157.17,5.24,03/27/2014 12:00:00 AM,Originator
Abbott Laboratories SA Pty Ltd,27/7.1/0519,S4,Hytrin ,Terazosin,1,mg,TAB,10,1,99.67,9.97,03/27/2014 12:00:00 AM,Originator
Abbott Laboratories SA Pty Ltd,27/7.1/0520,S4,Hytrin ,Terazosin,2,mg,TAB,28,1,228.12,8.15,03/27/2014 12:00:00 AM,Originator
Abbott Laboratories SA Pty Ltd,27/7.1/0521,S4,Hytrin ,Terazosin,5,mg,TAB,28,1,415.71,14.85,03/27/2014 12:00:00 AM,Originator
Abbott Laboratories SA Pty Ltd,27/21.10/0370,S4,Lucrin 3.75mg,Leuprorelin,3.75,mg,INJ,2,1,1845.82,922.91,03/27/2014 12:00:00 AM,Generic
Abbott Laboratories SA Pty Ltd,27/7.1/0522,S4,Hytrin ,Terazosin,10,mg,TAB,28,1,735.35,26.26,03/27/2014 12:00:00 AM,Originator
Abbott Laboratories SA Pty Ltd,28/20.1.1/0264,S4,Klacid i v,Clarithromycin,500,mg,INJ,10,1,210.86,21.09,03/27/2014 12:00:00 AM,Originator
Abbott Laboratories SA Pty Ltd,29/2.1/0748,S5,Ultane penbottle,Sevoflurane,250,ml,SLN,250,1,1942.87,7.77,03/27/2014 12:00:00 AM,Originator
Abbott Laboratories SA Pty Ltd,Q/20.1.1/248,S4,Eryderm  Top Soln 60ml  ,Erythromycin,1200,mg/60ml,LOT,60,1,109.55,1.83,03/27/2014 12:00:00 AM,Originator
Abbott Laboratories SA Pty Ltd,28/20.1.1/0035,S4,Klacid P125  ,Clarithromycin,125,mg/5ml,SUS,50,1,113.2,2.26,03/27/2014 12:00:00 AM,Originator
Abbott Laboratories SA Pty Ltd,29/20.1.1/0190,S4,Klacid P250  ,Clarithromycin,250,mg/5ml,SUS,50,1,196.04,3.92,03/27/2014 12:00:00 AM,Originator
Abbott Laboratories SA Pty Ltd,F/2.1/115,S5,Ethrane 250ml,Enflurane,250,ml,SLN,250,1,982.5,3.93,03/27/2014 12:00:00 AM,Originator
Abbott Laboratories SA Pty Ltd,34/20.2.8/0175,S4,Norvir,Ritonavir,100,mg,CAP,84,1,70.9,0.84,03/27/2014 12:00:00 AM,Originator
Abbott Laboratories SA Pty Ltd,31/7.1.3/0631,S3,Tarka,Verapamil HCL,180,mg,SRC,30,1,301.55,10.05,03/27/2014 12:00:00 AM,Generic
Abbott Laboratories SA Pty Ltd,31/20.2.8/0217,S4,Norvir,Ritonavir,80,mg/ml,SOL,90,1,60.7,0.67,03/27/2014 12:00:00 AM,Originator
Abbott Laboratories SA Pty Ltd,31/20.2.2/0379,S4,Klacid XL ,Clarithromycin,500,mg,SRT,5,1,161.51,32.3,03/27/2014 12:00:00 AM,Originator
Abbott Laboratories SA Pty Ltd,31/20.2.2/0379,S4,Klacid XL 10,Clarithromycin,500,mg,TAB,10,1,323.03,32.3,03/27/2014 12:00:00 AM,Originator
Abbott Laboratories SA Pty Ltd,33/11.3/0025,S5,Reductil 10  ,Sibutramine,10,mg,CAP,30,1,266.49,8.88,03/27/2014 12:00:00 AM,Originator
Abbott Laboratories SA Pty Ltd,33/11.3/0026,S5,Reductil 15  ,Sibutramine,15,mg,CAP,30,1,318.16,10.61,03/27/2014 12:00:00 AM,Originator
Abbott Laboratories SA Pty Ltd,32/21.10/0317,S4,Lucrin  11.25 mg,Leuprorelin,11.25,mg,INJ,2,1,4616.15,2308.07,03/27/2014 12:00:00 AM,Generic
Abbott Laboratories SA Pty Ltd,34/30.2/0240,S4,Synagis,Palivizumab,50,mg,INJ,1,1,7112.37,7112.37,03/27/2014 12:00:00 AM,Originator
Abbott Laboratories SA Pty Ltd,34/30.2/0241,S4,Synagis,Palivizumab,100,mg,INJ,1,1,11504.85,11504.85,03/27/2014 12:00:00 AM,Originator
,,,,Trandolapril,2,mg,,,,,,,
Abbott Laboratories SA Pty Ltd,2/10.2.2/211,S1,Survanta 4ml ,Beractant,25,mg/ml,INJ,4,1,3864.71,966.18,03/27/2014 12:00:00 AM,Originator
Accord Healthcare (Pty) Ltd,41/26/1003,S4,Irinotas ,Irinotecan hydrochloride ,20,mg/ml,INJ,2,1,370.5,185.25,07/03/2014 12:00:00 AM,Generic
Accord Healthcare (Pty) Ltd,44/26/0024,S4,Irinotas 100,Irinotecan hydrochloride,20,mg/ml,INJ,5,1,934.8,186.96,07/03/2014 12:00:00 AM,Generic
Accord Healthcare (Pty) Ltd,42/2.6.5/0159,S5,Rispacor 4 ,Risperidone,4,mg,TAB,30,1,1019.06,33.97,07/03/2014 12:00:00 AM,Generic
Accord Healthcare (Pty) Ltd,42/2.6.5/0158,S5,Rispacor 3,Risperidone,3,mg,TAB,30,1,636,21.2,07/16/2014 12:00:00 AM,Generic
Accord Healthcare (Pty) Ltd,42/2.6.5/0157,S5,Rispacor 2,Risperidone,2,mg,TAB,30,1,457.68,15.26,07/03/2014 12:00:00 AM,Generic
Accord Healthcare (Pty) Ltd,42/2.6.5/0156,S5,Rispacor 1,Risperidone,1,mg,TAB,30,1,269.94,9,07/03/2014 12:00:00 AM,Generic
Accord Healthcare (Pty) Ltd,41/7.1/0659,S3,Amtas 5 ,Amlodipine Besilate,5,mg,TAB,30,1,58.5,1.95,07/16/2014 12:00:00 AM,Generic
Accord Healthcare (Pty) Ltd,41/7.1/0660,S3,Amtas 10 ,Amlodipine Besilate,10,mg,TAB,30,1,92.15,3.07,07/16/2014 12:00:00 AM,Generic
Accord Healthcare (Pty) Ltd,42/2.6.5/0155,S5,Rispacor 0.5,Risperidone,0.5,mg,TAB,30,1,141.16,4.71,07/03/2014 12:00:00 AM,Generic
Accord Healthcare (Pty) Ltd,41/21.2/0640,S3,Accord Metformin 850,Metformin Hydrochloride,850,mg,TAB,60,1,37.2,0.62,07/03/2014 12:00:00 AM,Generic
Accord Healthcare (Pty) Ltd,41/21.2/0639,S3,Accord Metformin 500,Metformin Hydrochloride,500,mg,TAB,100,1,34.31,0.34,07/03/2014 12:00:00 AM,Generic
Accord Healthcare (Pty) Ltd,42/26/0089,S4,Cytigem 200mg ,Gemcitabine Hydrochloride,200,mg/10ml,INJ,10,1,305.88,30.59,07/03/2014 12:00:00 AM,Generic
Accord Healthcare (Pty) Ltd,42/26/0902,S4,Cytigem 1g ,Gemcitabine Hydrochloride,1,g/50ml,INJ,50,1,1529.88,30.59,07/03/2014 12:00:00 AM,Generic
Accord Healthcare (Pty) Ltd,42/21.12/0259,S4,Accord Anastrozole,Anastrozole,1,mg,TAB,30,1,562.7,18.76,07/16/2014 12:00:00 AM,Generic
Accord Healthcare (Pty) Ltd,42/21.12/0323,S4,"Accord Letrozole 2,5 mg",Letrozole,2.5,mg,TAB,30,1,1005.29,33.51,07/03/2014 12:00:00 AM,Generic
Accord Healthcare (Pty) Ltd,42/21.12/0431,S4,Accord Bicalutamide 50 mg,Bicalutamide,50,mg,TAB,30,1,535,17.83,07/16/2014 12:00:00 AM,Generic
Accord Healthcare (Pty) Ltd,42/7.5/0372,S4,Pixeta 10,Pravastatin Sodium,10,mg,TAB,30,1,132.22,4.41,07/03/2014 12:00:00 AM,Generic
Accord Healthcare (Pty) Ltd,42/7.5/0373,S4,Pixeta 20,Pravastatin Sodium,20,mg,TAB,30,1,144.87,4.83,07/03/2014 12:00:00 AM,Generic
Accord Healthcare (Pty) Ltd,42/7.5/0358,S4,Pixeta 40,Pravastatin Sodium,40,mg,TAB,30,1,199.6,6.65,07/03/2014 12:00:00 AM,Generic
Accord Healthcare (Pty) Ltd,42/3.2/1015,S4,Ostena 10,Alendronate Sodium ,10,mg,TAB,28,1,185.11,6.61,07/03/2014 12:00:00 AM,Generic
Accord Healthcare (Pty) Ltd,42/3.2/1016,S3,Ostena 70,Alendronate Sodium,70,mg,TAB,4,1,170.37,42.59,07/03/2014 12:00:00 AM,Generic
Accord Healthcare (Pty) Ltd,42/21.12/0324,S4,Laradex,Letrozole,2.5,mg,TAB,30,1,940.3,31.34,07/03/2014 12:00:00 AM,Generic
Accord Healthcare (Pty) Ltd,42/21.12/0324,S4,Laradex,Letrozole,2.5,mg,TAB,30,1,940.3,31.34,07/03/2014 12:00:00 AM,Generic
Accord Healthcare (Pty) Ltd,42/21.12/0260,S4,Stradexa,Anastrozole,1,mg,TAB,30,1,558.4,18.61,07/03/2014 12:00:00 AM,Generic
Accord Healthcare (Pty) Ltd,42/21.12/0430,S4,Caloxa 50 mg,Bicalutamide,50,mg,TAB,30,1,511.86,17.06,07/03/2014 12:00:00 AM,Generic
Accord Healthcare (Pty) Ltd,42/7.3/0356,S4,Accord Sumatriptan 50 mg,Sumatriptan ,50,mg,TAB,2,1,82.39,41.2,07/03/2014 12:00:00 AM,Generic
Accord Healthcare (Pty) Ltd,42/7.3/0357,S4,Accord Sumatriptan 100 mg,Sumatriptan,100,mg,TAB,4,1,199.45,49.86,07/03/2014 12:00:00 AM,Generic
Accord Healthcare (Pty) Ltd,42/3.2/1013,S3,Accord Alendronate 10,Alendronic Acid,10,mg,TAB,28,1,189.03,6.75,07/03/2014 12:00:00 AM,Generic
Accord Healthcare (Pty) Ltd,42/3.2/1014,S3,Accord Alendronate 70,Alendronic Acid,70,mg,TAB,4,1,208.58,52.15,07/03/2014 12:00:00 AM,Generic
Accord Healthcare (Pty) Ltd,42/7.1.3/0325,S3,"Losaar Plus 50/12,5",Losartan Potassium ,50,mg,TAB,30,1,72.5,2.42,07/03/2014 12:00:00 AM,Generic
,,,,Hydrochlorothiazide,12.5,mg,,,,,,,
Accord Healthcare (Pty) Ltd,42/7.1.3/0326,S3,Losaar Plus 100/25,Losartan Potassium ,100,mg,TAB,30,1,78.2,2.61,07/03/2014 12:00:00 AM,Generic
,,,,Hydrochlorothiazide,25,mg,,,,,,,
Accord Healthcare (Pty) Ltd,41/11.4.3/0663,S4,Accord Omeprazole 40 mg Injection,Omeprazole,40,mg,INJ,1,1,40.35,40.35,07/03/2014 12:00:00 AM,Generic
Accord Healthcare (Pty) Ltd,42/26/0153,S4,Accord Epirubicin 10,Epirubicin Hydrochloride,2,mg/ml,INJ,5,1,136.39,27.28,07/03/2014 12:00:00 AM,Generic
Accord Healthcare (Pty) Ltd,42/26/0900,S4,Accord Epirubicin 50,Epirubicin Hydrochloride,2,mg/ml,INJ,25,1,576.19,23.05,07/03/2014 12:00:00 AM,Generic
Accord Healthcare (Pty) Ltd,42/26/0152,S4, Epicord 10,Epirubicin Hydrochloride,2,mg/ml,INJ,5,1,128.89,25.78,07/03/2014 12:00:00 AM,Generic
Accord Healthcare (Pty) Ltd,42/26/0897,S4, Epicord 50,Epirubicin Hydrochloride,2,mg/ml,INJ,25,1,644.5,25.78,07/03/2014 12:00:00 AM,Generic
Accord Healthcare (Pty) Ltd,41/21.2/0656,S3,Accord Glimepiride 1 mg,Glimepiride ,1,mg,TAB,30,1,43.49,1.45,07/03/2014 12:00:00 AM,Generic
Accord Healthcare (Pty) Ltd,41/21.2/0657,S3,Accord Glimepiride 2 mg,Glimepiride ,2,mg,TAB,30,1,86.05,2.87,07/03/2014 12:00:00 AM,Generic
Accord Healthcare (Pty) Ltd,41/21.2/0658,S3,Accord Glimepiride 4 mg,Glimepiride ,4,mg,TAB,30,1,135.9,4.53,07/03/2014 12:00:00 AM,Generic
Accord Healthcare (Pty) Ltd,43/21.12/0056,S4,Accord Finasteride 5 mg ,Finasteride,5,mg,TAB,30,1,204.02,6.8,07/03/2014 12:00:00 AM,Generic
Accord Healthcare (Pty) Ltd,43/21.12/0058,S4,Intas Finasteride 5 mg ,Finasteride,5,mg,TAB,30,1,180.35,6.01,07/03/2014 12:00:00 AM,Generic
Accord Healthcare (Pty) Ltd,44/26/0374,S4,Paxitas 30,Paclitaxel,30,mg/5ml,INJ,5,1,163.57,32.71,07/09/2014 12:00:00 AM,Generic
Accord Healthcare (Pty) Ltd,44/26/0375,S4,Paxitas 100,Paclitaxel ,100,mg/16.7ml,INJ,16.7,1,546.33,32.71,07/09/2014 12:00:00 AM,Generic
Accord Healthcare (Pty) Ltd,44/26/0376,S4,Paxitas 300,Paclitaxel ,300,mg/50ml,INJ,50,1,1635.69,32.71,07/09/2014 12:00:00 AM,Generic
Accord Healthcare (Pty) Ltd,42/5.10/0891,S4,Alepet 4,Ondansetron ,4, mg/2ml,INJ,2,5,85,8.5,07/03/2014 12:00:00 AM,Generic
Accord Healthcare (Pty) Ltd,42/5.10/0892,S4,Alepet 8,Ondansetron ,8, mg/4ml,INJ,4,5,170,8.5,07/03/2014 12:00:00 AM,Generic
Accord Healthcare (Pty) Ltd,44/26/0380,S4,Intas Oxaliplatin 50,Oxaliplatin ,5,mg/ml,INF,10,1,974.13,97.41,07/09/2014 12:00:00 AM,Generic
Accord Healthcare (Pty) Ltd,42/26/1066,S4,Intas Oxaliplatin 100,Oxaliplatin ,5,mg/ml,INF,20,1,1948.26,97.41,07/09/2014 12:00:00 AM,Generic
Accord Healthcare (Pty) Ltd,44/26/0964,S4,Temintas 5,Temozolomide,5,mg,CAP,5,1,88.92,17.78,07/03/2014 12:00:00 AM,Generic
Accord Healthcare (Pty) Ltd,44/26/0965,S4,Temintas 20,Temozolomide,20,mg,CAP,5,1,355.68,71.14,07/03/2014 12:00:00 AM,Generic
Accord Healthcare (Pty) Ltd,44/26/0966,S4,Temintas 100,Temozolomide,100,mg,CAP,5,1,1778.4,355.68,07/03/2014 12:00:00 AM,Generic
Accord Healthcare (Pty) Ltd,44/26/0967,S4,Temintas 250,Temozolomide,250,mg,CAP,5,1,4446,889.2,07/03/2014 12:00:00 AM,Generic
Accord Healthcare (Pty) Ltd,44/26/0960,S4,Accord Temozolomide 5,Temozolomide,5,mg,CAP,5,1,97.19,19.44,07/03/2014 12:00:00 AM,Generic
Accord Healthcare (Pty) Ltd,44/26/0961,S4,Accord Temozolomide 20,Temozolomide,20,mg,CAP,5,1,388.71,77.74,07/03/2014 12:00:00 AM,Generic
Accord Healthcare (Pty) Ltd,44/26/0962,S4,Accord Temozolomide 100,Temozolomide,100,mg,CAP,5,1,1943.57,388.71,07/03/2014 12:00:00 AM,Generic
Accord Healthcare (Pty) Ltd,44/26/0963,S4,Accord Temozolomide 250 ,Temozolomide,250,mg,CAP,5,1,4858.93,971.79,07/03/2014 12:00:00 AM,Generic
Accord Healthcare (Pty) Ltd,44/26/0381,S4,Accord Oxaliplatin 50,Oxaliplatin ,50,mg,INF,10,1,980,98,07/16/2014 12:00:00 AM,Generic
Accord Healthcare (Pty) Ltd,42/26/1065,S4,Accord Oxaliplatin 100,Oxaliplatin ,100,mg,INF,20,1,1960,98,07/16/2014 12:00:00 AM,Generic
Accord Healthcare (Pty) Ltd,43/21.12/0055,S4,Profina ,Finasteride,1,mg,TAB,30,1,114.1,3.8,07/03/2014 12:00:00 AM,Generic
Accord Healthcare (Pty) Ltd,43/21.2/0140,S3,Accord Pioglitazone 15,Pioglitazone,15,mg,TAB,30,1,76.11,2.54,07/03/2014 12:00:00 AM,Generic
Accord Healthcare (Pty) Ltd,43/21.2/0141,S3,Accord Pioglitazone 30,Pioglitazone,30,mg,TAB,30,1,127.79,4.26,07/03/2014 12:00:00 AM,Generic
Accord Healthcare (Pty) Ltd,43/21.2/0142,S3,Accord Pioglitazone 45,Pioglitazone,45,mg,TAB,30,1,203.51,6.78,07/03/2014 12:00:00 AM,Generic
Accord Healthcare (Pty) Ltd,45/1.3.2/0225,S4,Naltima,Naltrexone hydrochloride,50,mg,TAB,28,1,741.66,26.49,07/03/2014 12:00:00 AM,Generic
Accord Healthcare (Pty) Ltd,44/26/0556,S4,Axtere 20 ,Docetaxel,20,mg/2ml,INF,2,1,676.44,338.22,07/03/2014 12:00:00 AM,Generic
Accord Healthcare (Pty) Ltd,44/26/0557,S4,Axtere 80 ,Docetaxel,80,mg/8ml,INF,8,1,2705.8,338.22,07/03/2014 12:00:00 AM,Generic
Accord Healthcare (Pty) Ltd,44/1.2/0851,S5,Accord Escitalopram 10 ,Escitalopram,10,mg ,TAB,28,1,55.27,1.97,07/03/2014 12:00:00 AM,Generic
Accord Healthcare (Pty) Ltd,44/1.2/0852,S5,Accord Escitalopram 20 ,Escitalopram,20,mg ,TAB,28,1,76.82,2.74,07/03/2014 12:00:00 AM,Generic
Accord Healthcare (Pty) Ltd,43/5.4.1/0506,S4,Accord Ropinirole 0.25 mg,Ropinirole HCI,0.25,mg ,TAB,84,1,81.6,0.97,07/03/2014 12:00:00 AM,Generic
Accord Healthcare (Pty) Ltd,43/5.4.1/0505,S4,Accord Ropinirole 0.5 mg,Ropinirole HCI,0.5,mg ,TAB,84,1,136,1.62,07/03/2014 12:00:00 AM,Generic
Accord Healthcare (Pty) Ltd,43/5.4.1/0507,S4,Accord Ropinirole 1 mg,Ropinirole HCI,1,mg ,TAB,84,1,203.75,2.43,07/03/2014 12:00:00 AM,Generic
Accord Healthcare (Pty) Ltd,43/5.4.1/0508,S4,Accord Ropinirole 2 mg,Ropinirole HCI,2,mg ,TAB,84,1,317.62,3.78,07/03/2014 12:00:00 AM,Generic
Accord Healthcare (Pty) Ltd,43/5.4.1/0509,S4,Accord Ropinirole 5 mg,Ropinirole HCI,5,mg ,TAB,84,1,522.22,6.22,07/03/2014 12:00:00 AM,Generic
Accord Healthcare (Pty) Ltd,42/26/0327,S5,Accord Midazolam 15 mg/3 ml,Midazolam,15,mg/3ml,INJ,3,10,149.84,4.99,07/03/2014 12:00:00 AM,Generic
Accord Healthcare (Pty) Ltd,42/26/0328,S5,Accord Midazolam 50 mg/10 ml,Midazolam,50,mg/10ml,INJ,10,1,54.17,5.42,07/03/2014 12:00:00 AM,Generic
Accord Healthcare (Pty) Ltd,42/26/0329,S5,Accord Midazolam 5 mg/5 ml,Midazolam,5,mg/5ml,INJ,5,10,98.32,1.97,07/03/2014 12:00:00 AM,Generic
Actor Pharma (Pty) Ltd,41/20.1.1/0043,S4,AUROPROZIL 250 mg,Cefprozil monohydrate,250,mg,TAB,10,1,105.21,10.52,06/02/2014 12:00:00 AM,Generic
Actor Pharma (Pty) Ltd,41/20.1.1/0044,S4,AUROPROZIL 500 mg,Cefprozil monohydrate,500,mg,TAB,10,1,173.8,17.38,06/02/2014 12:00:00 AM,Generic
Actor Pharma (Pty) Ltd,41/20.1.1/0752,S4,ZINOXIME 250 mg,Cefuroxime Axetil,250,mg,TAB,10,1,98.92,9.89,06/02/2014 12:00:00 AM,Generic
Actor Pharma (Pty) Ltd,41/20.1.1/0753,S4,ZINOXIME 500 mg,Cefuroxime Axetil,500,mg,TAB,10,1,182.39,18.24,06/02/2014 12:00:00 AM,Generic
Actor Pharma (Pty) Ltd,41/7.1.3/0110,S3,AURO LISINOPRIL CO 10 mg,Lisinopril,10,mg,TAB,30,1,65.09,2.17,06/02/2014 12:00:00 AM,Generic
,,,,Hydrochlorothiazide,12.5,mg,,,,,,,
Actor Pharma (Pty) Ltd,41/7.1.3/0111,S3,AURO LISINOPRIL CO 20 mg,Lisinopril,20,mg,TAB,30,1,100.84,3.36,06/02/2014 12:00:00 AM,Generic
,,,,Hydrochlorothiazide,12.5,mg,,,,,,,
Actor Pharma (Pty) Ltd,41/20.1.2/0687,S4,YOMAX 250 mg,Amoxycillin Trihydrate,250,mg,CAP,500,1,192.1,0.38,06/02/2014 12:00:00 AM,Generic
Actor Pharma (Pty) Ltd,41/20.1.2/0688,S4,YOMAX 500 mg,Amoxycillin Trihydrate,500,mg,CAP,100,1,79.46,0.79,06/02/2014 12:00:00 AM,Generic
Actor Pharma (Pty) Ltd,41/20.1.2/0532,S4,BINDOCLAV 375 mg,Amoxicillin Trihydrate,250,mg,TAB,15,1,40.03,2.67,06/02/2014 12:00:00 AM,Generic
,,,,Potassium Clavulanate,125,mg,,,,,,,
Actor Pharma (Pty) Ltd,41/20.1.2/0533,S4,BINDOCLAV 625 mg,Amoxicillin Trihydrate,500,mg,TAB,15,1,64.27,4.28,06/02/2014 12:00:00 AM,Generic
,,,,Potassium Clavulanate,125,mg,,,,,,,
Actor Pharma (Pty) Ltd,41/20.1.2/0534,S4,BINDOCLAV 1000 mg,Amoxicillin Trihydrate,875,mg,TAB,10,1,122.82,12.28,06/02/2014 12:00:00 AM,Generic
,,,,Potassium Clavulanate,125,mg,,,,,,,
Actor Pharma (Pty) Ltd,44/10.1/0927,S2,MUCATAK 200 EFFERVESCENT TABLETS,Acetylcysteine,200,mg,EFT,25,1,54.59,2.18,06/02/2014 12:00:00 AM,Generic
Actor Pharma (Pty) Ltd,44/10.1/0928,S2,MUCATAK 600 EFFERVESCENT TABLETS,Acetylcysteine,600,mg,EFT,10,1,55.62,5.56,12/20/2012 12:00:00 AM,Generic
Actor Pharma (Pty) Ltd,33/21.8.2/0471,S2,NORLEVO,Levonorgestrel,0.75,mg,TAB,2,1,46.3,23.15,06/02/2014 12:00:00 AM,Originator
Adcock Ingram Healthcare (Pty) Ltd,H990 (OM),S4,Achromide,Acriflavinium Chloride,27.2,mg/40g,LIT,500,1,80.45,0.16,03/20/2014 12:00:00 AM,Originator
Adcock Ingram Healthcare (Pty) Ltd,U/21.7/149,S4,Androxon  ,Testosterone,40,mg,CAP,60,1,480.41,8.01,03/20/2014 12:00:00 AM,Originator
Adcock Ingram Healthcare (Pty) Ltd,37/3.1/0234,S3,"Adco-Meloxicam  7,5",Meloxicam,7.5,mg,TAB,30,1,31.9,1.06,03/20/2014 12:00:00 AM,Generic
Adcock Ingram Healthcare (Pty) Ltd,37/3.1/0235,S3,Adco-Meloxicam,Meloxicam,15,mg,TAB,10,1,33.92,3.39,03/20/2014 12:00:00 AM,Generic
Adcock Ingram Healthcare (Pty) Ltd,36/15.4/0011,S2,Optilast Eye Drops ,Azelastine Hydrochloride,0.5,mg/ml,DRP,10,1,37.01,3.7,03/20/2014 12:00:00 AM,Originator
Adcock Ingram Healthcare (Pty) Ltd,C947 (OM),S2,Longifene,Buclizine,5,mg/5ml,SYR,100,1,49.48,0.49,03/20/2014 12:00:00 AM,Originator
Adcock Ingram Healthcare (Pty) Ltd,B675 (OM),S2,Syndol ,Caffeine,30,mg,TAB,10,1,12.41,1.24,03/20/2014 12:00:00 AM,Originator
,,,,Codeine,10,mg,,,,,,,
,,,,Doxylamine,5,mg,,,,,,,
,,,,Paracetamol,450,mg,,,,,,,
Adcock Ingram Healthcare (Pty) Ltd,B675 (OM),S2,Syndol ,Caffeine,30,mg,TAB,18,1,22.33,1.24,03/20/2014 12:00:00 AM,Originator
,,,,Codeine,10,mg,,,,,,,
,,,,Doxylamine,5,mg,,,,,,,
,,,,Paracetamol,450,mg,,,,,,,
Adcock Ingram Healthcare (Pty) Ltd,B675 (OM),S2,Syndol ,Caffeine,30,mg,TAB,100,1,124.21,1.24,03/20/2014 12:00:00 AM,Originator
,,,,Codeine,10,mg,,,,,,,
,,,,Doxylamine,5,mg,,,,,,,
,,,,Paracetamol,450,mg,,,,,,,
Adcock Ingram Healthcare (Pty) Ltd,27/5.7.1/0590,S2,Rhinolast Nasal Spray ,Azelastine,0.14,mg/ml,SPR,1,1,54.29,54.29,03/20/2014 12:00:00 AM,Originator
Adcock Ingram Limited,43/21.12/0734,S4,Femzole 2.5,Letrozole,2.5,mg,TAB,30,1,386.03,12.87,03/20/2014 12:00:00 AM,Originator 
Adcock Ingram Limited,N/1.2/180,S5,Lantanon  ,Mianserin,30,mg,TAB,40,1,331.97,8.3,03/20/2014 12:00:00 AM,Originator
Adcock Ingram Limited,H990 (OM),S4,Achromide,Acriflavinium chloride,27.2,mg/40g,OIN,500,,81.66,0.16,03/20/2014 12:00:00 AM,Originator
,,,,Mercurochrome,27.2,mg/40g,,,,,,,
,,,,Zinc oxide,7.608,mg/40g,,,,,,,
,,,,Sulfanilamide,1.92,mg/40g,,,,,,,
Adcock Ingram Limited,34/7.1.3/0495,S3,Nebilet 5 Mg,Nebivolol Hydrochloride Equivalent To Nebivolol,5,mg,TAB,30,1,201.28,6.71,03/20/2014 12:00:00 AM,Originator
Adcock Ingram Limited,30/20.1.2/0463,S4,Adco Piperacillin 2G/20Ml,Piperacillin,2,g/1000ml,POW,5,,189.31,1.88,04/30/2014 12:00:00 AM,Generic
Adcock Ingram Limited,30/20.1.2/0463,S4,Sabax Piperacillin 2G/20Ml,Piperacillin,2,g/1000ml,POW,1,,37.86,1.88,04/30/2014 12:00:00 AM,Generic
Adcock Ingram Limited,30/20.1.2/0464,S4,Sabax Piperacillin 4G/50Ml,Piperacillin,4,g/1000ml,POW,1,,341.75,6.84,04/30/2014 12:00:00 AM,Generic
Adcock Ingram Limited,R/20.2.6/188,S4,Adco-Metronidazole 400 Mg ,Metronidazole,400,mg,TAB,100,1,38.82,0.39,03/20/2014 12:00:00 AM,Generic
Adcock Ingram Limited,U/3.1/177,S3,Adco-Indomethacin 25 Mg ,Indomethacin,25,mg,CAP,500,1,93.55,0.19,03/20/2014 12:00:00 AM,Generic
Adcock Ingram Limited,U/3.1/174,S3,Adco-Diclofenac 75,Diclofenac Sodium,75,mg/3ml,INJ,3,5,14.39,0.96,03/20/2014 12:00:00 AM,Generic
Adcock Ingram Limited,U/3.1/174,S3,Adco-Diclofenac 75,Diclofenac Sodium,75,mg/3ml,INJ,3,50,143.81,0.96,03/20/2014 12:00:00 AM,Generic
Adcock Ingram Limited,E/12/43,S4,Adco-quin dihyd 1ml,Quinine,300,mg,INJ,10,,329.43,32.94,03/20/2014 12:00:00 AM,Generic
Adcock Ingram Limited,35/15.4/0076,S2,Zaditen,Ketotifen Fumarate Equivalent to Ketotifen,0.25,mg/ml,OPD,5,1,126.32,25.26,03/20/2014 12:00:00 AM,Originator
Adcock Ingram Limited,35/7.5/0277,S4,Adco-Simvastatin 10 Mg,Simvastatin,10,mg,TAB,30,1,34.26,1.14,03/20/2014 12:00:00 AM,Generic
Adcock Ingram Limited,35/7.5/0278,S4,Adco-Simvastatin 20 Mg,Simvastatin,20,mg,TAB,30,1,34.26,1.14,03/20/2014 12:00:00 AM,Generic
Adcock Ingram Limited,35/7.5/0279,S4,Adco-Simvastatin 40 Mg,Simvastatin,40,mg,TAB,30,1,34.26,1.14,03/20/2014 12:00:00 AM,Generic
Adcock Ingram Limited,E875 (Act 101/1965),S3,Sabax Plasmalyte B (1000Ml),Magnesium Chloride,0.3,g/1000ml,INF,1000,6,25.79,0,04/30/2014 12:00:00 AM,Originator
,,,,Potassium chloride,0.3,g/1000ml,,,,,,,
,,,,Sodium bicarbonate,2.3,g/1000ml,,,,,,,
,,,,Sodium chloride,6,g/1000ml,,,,,,,
Adcock Ingram Limited,E875 (Act 101/1965),S3,Sabax Plasmalyte B (1000Ml),Sodium Chloride,6,g/1000ml,INF,1000,6,28.28,0,04/30/2014 12:00:00 AM,Originator
,,,,Sodium bicarbonate,2.3,g/1000ml,,,,,,,
,,,,Magnesium chloride,0.3,g/1000ml,,,,,,,
,,,,Potassium chloride,0.3,g/1000ml,,,,,,,
Adcock Ingram Limited,E875 (Act 101/1965),S3,Sabax Plasmalyte B (1000Ml),Sodium Chloride,6,g/1000ml,INF,1000,10,263.36,0.03,04/30/2014 12:00:00 AM,Originator
,,,,Sodium bicarbonate,2.3,g/1000ml,,,,,,,
,,,,Magnesium chloride,0.3,g/1000ml,,,,,,,
,,,,Potassium chloride,0.3,g/1000ml,,,,,,,
Adcock Ingram Limited,D/24/208,S3,Sabax Ringer-Lactate 2000ml,Calcium chloride,0.27,g/1000ml,INF,2000,5,38.12,0,04/30/2014 12:00:00 AM,Originator
,,,,Potassium chloride,0.4,g/1000ml,,,,,,,
,,,,Sodium chloride,6,g/1000ml,,,,,,,
,,,,Sodium lactate,3.2,g/1000ml,,,,,,,
Adcock Ingram Limited,D/24/208,S3,Sabax Ringer-Lactate 2000Ml,Sodium Chloride,6,g/1000ml,INF,2000,1,43.31,0.02,04/30/2014 12:00:00 AM,Originator
,,,,Sodium lactate,3.2,g/1000ml,,,,,,,
,,,,Potassium chloride,0.4,g/1000ml,,,,,,,
,,,,Calcium chloride,0.27,g/1000ml,,,,,,,
Adcock Ingram Limited,D/24/208,S3,Sabax Ringer-Lactate (2000Ml),Sodium Chloride,6,g/1000ml,INF,2000,5,201.64,0.02,04/30/2014 12:00:00 AM,Originator
,,,,Sodium lactate,3.2,g/1000ml,,,,,,,
,,,,Potassium chloride,0.4,g/1000ml,,,,,,,
,,,,Calcium chloride,0.27,g/1000ml,,,,,,,
Adcock Ingram Limited,G2904 (OM),S1,Akrinor,Cafedrine,100,mg,TAB,30,1,175.41,5.85,03/20/2014 12:00:00 AM,Originator
,,,,Theodrenaline,5,mg,,,,,,,
Adcock Ingram Limited,G2904 (OM),S1,Akrinor,Cafedrine,100,mg,TAB,100,1,584.78,5.85,03/20/2014 12:00:00 AM,Originator
,,,,Theodrenaline,5,mg,,,,,,,
Adcock Ingram Limited,G2903 (OM),S1,Akrinor 2ml  ,Cafedrine,200,mg,INJ,5,,146.25,29.25,03/20/2014 12:00:00 AM,Originator
Adcock Ingram Limited,36/7.1/0267,S3,Adco-Doxazosin 1  ,Doxazosin,1,mg,TAB,30,1,38.75,1.29,03/20/2014 12:00:00 AM,Generic
Adcock Ingram Limited,36/7.1/0268,S3,Adco-Doxazosin 2  ,Doxazosin,2,mg,TAB,30,1,41.99,1.4,03/20/2014 12:00:00 AM,Generic
Adcock Ingram Limited,36/7.1/0269,S3,Adco-Doxazosin 4 ,Doxazosin,4,mg,TAB,30,1,48.95,1.63,03/20/2014 12:00:00 AM,Generic
Adcock Ingram Limited,36/5.7.1/0008,S2,Allergex Non Drowsy Syrup,Loratadine,5,mg/5ml,SYR,150,1,83.56,0.56,03/20/2014 12:00:00 AM,Generic
Adcock Ingram Limited,34/13.4.2/0357,S5,Acnetane  20 Mg,Isotretinoin,20,mg,CAP,60,1,441.02,7.35,03/20/2014 12:00:00 AM,Generic
Adcock Ingram Limited,34/13.4.2/0356,S5,Acnetane  10 Mg,Isotretinoin,10,mg,CAP,60,1,224.28,3.74,03/20/2014 12:00:00 AM,Generic
Adcock Ingram Limited,G720 (OM),S2,Alcophyllex ,Theophylline ,16.667,mg/5ml,LIQ,100,1,6.37,0.06,03/20/2014 12:00:00 AM,Originator
,,,,Hydroxyethyl theophylline ,1.667,mg/5ml,,,,,,,
,,,,Diphenhydramine HCl ,6.667,mg/5ml,,,,,,,
,,,,Ammonium chloride ,120,mg/5ml,,,,,,,
,,,,Sodium citrate ,50,mg/5ml,,,,,,,
Adcock Ingram Limited,G720 (OM),S2,Alcophyllex ,Theophylline ,16.667,mg/5ml,LIQ,200,1,12.76,0.06,03/20/2014 12:00:00 AM,Originator
,,,,Hydroxyethyl theophylline ,1.667,mg/5ml,,,,,,,
,,,,Diphenhydramine HCl ,6.667,mg/5ml,,,,,,,
,,,,Ammonium chloride ,120,mg/5ml,,,,,,,
,,,,Sodium citrate ,50,mg/5ml,,,,,,,
Adcock Ingram Limited,G720 (OM),S2,Alcophyllex ,Theophylline ,16.667,mg/5ml,LIQ,2500,1,159.61,0.06,03/20/2014 12:00:00 AM,Originator
,,,,Hydroxyethyl theophylline ,1.667,mg/5ml,,,,,,,
,,,,Diphenhydramine HCl ,6.667,mg/5ml,,,,,,,
,,,,Ammonium chloride ,120,mg/5ml,,,,,,,
,,,,Sodium citrate ,50,mg/5ml,,,,,,,
Adcock Ingram Limited,G721 (OM),S1,Alcophyllin ,Theophylline,26.667,mg/5ml,SYR,100,1,5.47,0.05,03/20/2014 12:00:00 AM,Originator
Adcock Ingram Limited,G721 (OM),S1,Adco-Alcophyllin ,Theophylline Anhydrous,26.667,mg,LIQ,200,1,10.92,0.05,03/20/2014 12:00:00 AM,Originator
Adcock Ingram Limited,G721 (OM),S1,Alcophyllin 2.5L,Theophylline,26.667,mg/5ml,SYR,2500,1,136.81,0.05,03/20/2014 12:00:00 AM,Originator
Adcock Ingram Limited,C668 (OM),S2,Allergex ,Chlorpheniramine Maleate,4,mg,TAB,100,1,38.39,0.38,03/20/2014 12:00:00 AM,Originator
Adcock Ingram Limited,C668 (OM),S2,Allergex,Chlorpheniramine ,4,Mg ,TAB,30,1,11.52,0.38,03/20/2014 12:00:00 AM,Originator
Adcock Ingram Limited,C668 (OM),S2,Allergex,Chlorphenamine,4,mg,TAB,30,1,11.52,0.38,03/20/2014 12:00:00 AM,Originator
Adcock Ingram Limited,C934(OM),S2,Allergin Expect. ,Ammonium Chloride,273.9,mg,SYR,150,1,14.1,0.09,03/20/2014 12:00:00 AM,Originator
,,,,Diphenhydramine,28.1,mg,,,,,,,
,,,,Menthol,2.5,mg,,,,,,,
,,,,Sodium citrate,113.7,mg,,,,,,,
Adcock Ingram Limited,36/15.4/0038 ,S3,Nyogel 0.1 %,Timolol,1,mg/g,GEO,5,1,125.73,25.15,03/20/2014 12:00:00 AM,Originator
Adcock Ingram Limited,C807 (OM),S2,Allergex ,Chlorphenamine,2,mg,SYR,50,1,4.07,0.08,03/20/2014 12:00:00 AM,Originator
Adcock Ingram Limited,C807 (OM),S2,Allergex Elixir,Chlorpheniramine Maleate,2,mg/5ml,LIQ,100,1,8.15,0.08,03/20/2014 12:00:00 AM,Originator
Adcock Ingram Limited,34/21.2/0360,S3,Metforal  850,Metformin Hydrochloride,850,mg,TAB,60,1,41.85,0.7,03/20/2014 12:00:00 AM,Generic
Adcock Ingram Limited,34/21.2/0359,S3,Metforal  500,Metformin Hydrochloride,500,mg,TAB,100,1,38.88,0.39,03/20/2014 12:00:00 AM,Generic
Adcock Ingram Limited,35/1.2/0272,S5,Adco-Talomil 20mg,Citalopram,20,mg,TAB,30,1,59.7,1.99,05/16/2014 12:00:00 AM,Generic
Adcock Ingram Limited,27/12/0082,S1,Adco-Wormex  ,Mebendazole,100,mg,TAB,6,1,6.05,1.01,03/20/2014 12:00:00 AM,Generic
Adcock Ingram Limited,36/20.1.2/0211,S4,Adco-Amoclav Bd ,Amoxicillin,875,mg,TAB,10,1,123.78,12.38,03/20/2014 12:00:00 AM,Generic
,,,,Clavulanic acid,125,mg,,,,,,,
Adcock Ingram Limited,B/10.1/163,S2,Cepacol Sore Throat And Cough Relief Discs,Benzocaine,1.25,mg,LOZ,16,1,23.19,1.45,03/20/2014 12:00:00 AM,Originator
,,,,Cetylpyridinium Chloride,0.5,mg,,,,,,,
,,,,Dextromethorphan Hydrobromide,4.98,mg,,,,,,,
Adcock Ingram Limited,36/20.1.1/0325,S4,Adco-Cefoxitin 1g ,Cefoxitin,1,g,INJ,1,,27.68,27.68,04/30/2014 12:00:00 AM,Generic
Adcock Ingram Limited,36/20.1.1/0325,S4,Adco-Cefoxitin 1G ,Cefoxitin,1,g,INJ,10,,276.83,27.68,04/30/2014 12:00:00 AM,Generic
Adcock Ingram Limited,36/20.1.1/0260,S4,Sabax Cefazolin 1g Injection,Cefazolin,1,g,POW,1,,15.45,15.45,04/30/2014 12:00:00 AM,Generic
Adcock Ingram Limited,36/20.1.1/0259,S4,Adco Cefazolin 500 mg,Cefazolin,500,mg,INJ,10,,120.7,12.07,03/20/2014 12:00:00 AM,Generic
Adcock Ingram Limited,36/20.1.1/0259,S4,Adco Cefazolin 500 mg,Cefazolin,500,mg,INJ,1,,12.07,12.07,03/20/2014 12:00:00 AM,Generic
,,,,Sodium chloride,4.5,g/1000ml,,,,,,,
,,,,Sodium Chloride ,4.5,g/1000ml,,,,,,,
,,,,Calcium chloride,270,g/1000ml,,,,,,,
,,,,Glucose,55,g/1000ml,,,,,,,
,,,,Sodium chloride,6,g/1000ml,,,,,,,
,,,,Sodium lactate,3.2,g/1000ml,,,,,,,
,,,,Potassium chloride,1.1,g/1000ml,,,,,,,
,,,,Sodium chloride,2.05,g/1000ml,,,,,,,
,,,,Potassium chloride,1.86,g/1000ml,,,,,,,
,,,,Magnesium chloride,0.51,g/1000ml,,,,,,,
,,,,Magnesium chloride,50.800000000000004,g/1000ml,,,,,,,
,,,,Glucose,25,g/1000ml,,,,,,,
,,,,Sodium chloride,5.38,g/1000ml,,,,,,,
,,,,Sodium lactate,4.48,g/1000ml,,,,,,,
Adcock Ingram Limited,36/11.2/0327,S2,Scopex ,Hyoscyamine,5,mg/5ml,SYR,100,1,32.85,0.33,03/20/2014 12:00:00 AM,Generic
Adcock Ingram Limited,D/24/208,S3,Sabax Ringer-Lactate 500Ml,Calcium Chloride,0.27,g,INF,500,1,15.11,0.03,04/30/2014 12:00:00 AM,Originator
,,,,Potassium chloride,0.4,g,,,,,,,
,,,,Sodium chloride,6,g,,,,,,,
,,,,Sodium lactate,3.2,g,,,,,,,
Adcock Ingram Limited,D/24/208,S3,Sabax Ringer-Lactate (500Ml),Calcium Chloride,0.27,g,INF,500,18,253.32,0.03,04/30/2014 12:00:00 AM,Originator
,,,,Potassium chloride,0.4,g,,,,,,,
,,,,Sodium lactate,3.2,g,,,,,,,
,,,,Sodium chloride,6,g,,,,,,,
Adcock Ingram Limited,37/20.1.1/0042,S4,Adco Ceftriaxone 500mg,Ceftriaxone,500,mg,INJ,1,,19.06,19.06,04/30/2014 12:00:00 AM,Generic
Adcock Ingram Limited,37/20.1.1/0042,S4,Adco Ceftriaxone 500mg,Ceftriaxone,500,mg,INJ,10,,190.6,19.06,04/30/2014 12:00:00 AM,Generic
Adcock Ingram Limited,37/20.1.1/0044,S4,Adco Ceftriaxone 2g,Ceftriaxone,2,g,INJ,1,,42.64,42.64,04/30/2014 12:00:00 AM,Generic
Adcock Ingram Limited,37/20.1.1/0044,S4,Adco Ceftriaxone 2g,Ceftriaxone,2,g,INJ,5,,213.22,42.64,04/30/2014 12:00:00 AM,Generic
Adcock Ingram Limited,35/10.2.1/0004,S3,Sabax Nebrafen,Ipratropium Bromide,0.5,mg/4ml,SOL,60,1,368.36,6.14,04/30/2014 12:00:00 AM,Generic
,,,,Fenoterol,1.25,mg/4ml,,,,,,,
Adcock Ingram Limited,37/20.1.1/0043,S4,Adco Ceftriaxone 1g,Ceftriaxone,1,g,INJ,1,,13.42,13.42,04/30/2014 12:00:00 AM,Generic
Adcock Ingram Limited,37/20.1.1/0043,S4,Adco Ceftriaxone 1g,Ceftriaxone,1,g,INJ,10,,134.24,13.42,04/30/2014 12:00:00 AM,Generic
Adcock Ingram Limited,36/5.7.1/0368,S2,Adco-Cetirizine 10 Mg,Cetirizine Dihydrochloride,10,mg,TAB,10,1,21.83,2.18,03/20/2014 12:00:00 AM,Generic
Adcock Ingram Limited,36/5.7.1/0368,S2,Adco-Cetirizine 10 Mg,Cetirizine Dihydrochloride,10,mg,TAB,30,1,65.42,2.18,03/20/2014 12:00:00 AM,Generic
Adcock Ingram Limited,37/11.4.3/0228,S4,Adco Omeprazole 20,Omeprazole,20,mg,CAP,28,1,141.77,5.06,03/20/2014 12:00:00 AM,Generic
Adcock Ingram Limited,37/11.4.3/0228,S4,Adco-Omeprazole 20 ,Omeprazole,20,mg,CAP,30,1,151.9,5.06,03/20/2014 12:00:00 AM,Generic
Adcock Ingram Limited,G3055 (OM),S4,Prelone,Prednisolone,5,mg,TAB,200,1,228.7,1.14,03/20/2014 12:00:00 AM,Originator
Adcock Ingram Limited,S/34/106,S3,Sabax Dianeal 2.5,Calcium chloride dihydrate,257,mg/1000ml,SOL,2500,1,76.26,0.03,04/30/2014 12:00:00 AM,Originator
,,,,Glucose,25,g/1000ml,,,,,,,
,,,,Magnesium chloride,50.800000000000004,g/1000ml,,,,,,,
,,,,Sodium chloride,5.38,g/1000ml,,,,,,,
,,,,Sodium lactate,4.48,g/1000ml,,,,,,,
Adcock Ingram Limited,S/34/106,S3,Sabax Dianeal 2.5,Calcium chloride dihydrate,257,mg/1000ml,SOL,2500,4,305.03,0.03,04/30/2014 12:00:00 AM,Originator
,,,,Magnesium chloride,50.800000000000004,g/1000ml,,,,,,,
,,,,Glucose,25,g/1000ml,,,,,,,
,,,,Sodium chloride,5.38,g/1000ml,,,,,,,
,,,,Sodium lactate,4.48,g/1000ml,,,,,,,
Adcock Ingram Limited,29/34/0327,S3,Sabax Dianeal Normal Calcium with  4.25% Glucose,Calcium chloride,182.83,mg/1000ml,DIA,2500,1,76.04,0.03,04/30/2014 12:00:00 AM,Originator
,,,,Glucose,42.5,g/1000ml,,,,,,,
,,,,Magnesium chloride,0.0508,g/1000ml,,,,,,,
,,,,Sodium chloride,5.38,g/1000ml,,,,,,,
,,,,Sodium lactate,4.48,g/1000ml,,,,,,,
Adcock Ingram Limited,29/34/0326,S3,"Sabax Dianeal Normal Calcium with 2,5% Glucose",Calcium chloride,182.83,mg/1000ml,DIA,2500,1,73.86,0.03,04/30/2014 12:00:00 AM,Originator
,,,,Glucose,15,g/1000ml,,,,,,,
,,,,Magnesium chloride,150,g/1000ml,,,,,,,
,,,,Sodium chloride,5.6,g/1000ml,,,,,,,
,,,,Sodium lactate,5,g/1000ml,,,,,,,
Adcock Ingram Limited,29/34/0326,S3,"Sabax Dianeal Normal Calcium with 2,5% Glucose",Calcium chloride,182.83,mg/1000ml,DIA,2500,4,295.46,0.03,04/30/2014 12:00:00 AM,Originator
,,,,Magnesium chloride,150,g/1000ml,,,,,,,
,,,,Glucose,15,g/1000ml,,,,,,,
,,,,Sodium chloride,5.6,g/1000ml,,,,,,,
,,,,Sodium lactate,5,g/1000ml,,,,,,,
Adcock Ingram Limited,L614 (Act 101 / 1965),S3,Sabax Dianeal 1.5% Gluc (2.5L),Calcium Chloride,260,g/1000ml,SOL,2500,4,82.37,0.01,04/30/2014 12:00:00 AM,Originator
,,,,Glucose,15,g/1000ml,,,,,,,
,,,,Magnesium chloride,150,g/1000ml,,,,,,,
,,,,Sodium chloride,5.6,g/1000ml,,,,,,,
,,,,Sodium lactate,5,g/1000ml,,,,,,,
Adcock Ingram Limited,L614 (Act 101 / 1965),S3,Sabax Dianeal 1.5% Gluc (2.5L),Calcium Chloride,260,g/1000ml,SOL,2500,4,329.48,0.03,04/30/2014 12:00:00 AM,Originator
,,,,Magnesium chloride,150,g/1000ml,,,,,,,
,,,,Glucose,15,g/1000ml,,,,,,,
,,,,Sodium chloride,5.6,g/1000ml,,,,,,,
,,,,Sodium lactate,5,g/1000ml,,,,,,,
Adcock Ingram Limited,29/34/0325,S3,Sabax Dianeal Normal Calcium with 1.5% Glucose,Calcium Chloride,182.83,mg/1000ml,DIA,2500,1,76.04,0.03,04/30/2014 12:00:00 AM,Originator
,,,,Glucose,15,g/1000ml,,,,,,,
,,,,Magnesium chloride,0.0508,g/1000ml,,,,,,,
,,,,Sodium chloride,5.38,g/1000ml,,,,,,,
,,,,Sodium lactate,4.48,g/1000ml,,,,,,,
Adcock Ingram Limited,29/34/0325,S3,Sabax Dianeal Normal Calcium with 1.5% Glucose,Calcium Chloride,182.83,mg/1000ml,DIA,2500,4,304.17,0.03,04/30/2014 12:00:00 AM,Originator
,,,,Sodium chloride,5.38,g/1000ml,,,,,,,
,,,,Sodium lactate,4.48,g/1000ml,,,,,,,
,,,,Calcium chloride,0.183,g/1000ml,,,,,,,
,,,,Magnesium chloride,0.0508,g/1000ml,,,,,,,
Adcock Ingram Limited,36/2.2/0132,S5,Adco-Zolpidem Hemitartrate  ,Zolpidem,10,mg,TAB,30,1,91.91,3.06,03/20/2014 12:00:00 AM,Generic
Adcock Ingram Limited,36/11.3/0243,S6,Eetless,Cathine,20,mg/15drops,DRP,30,1,50.6,1.69,03/20/2014 12:00:00 AM,Originator
Adcock Ingram Limited,37/5.2/0010,S3,Adco Bisocor 5 Mg,Bisoprolol Hemifumarate,5,mg,TAB,30,1,47.69,1.59,03/20/2014 12:00:00 AM,Generic
Adcock Ingram Limited,37/5.2/0011,S3,Adco-Bisocor 10 Mg,Bisoprolol Hemifumarate,10,mg,TAB,30,1,80.27,2.68,03/20/2014 12:00:00 AM,Generic
Adcock Ingram Limited,H1124 (OM),S2,Antistin-Privin Drops ,Antazoline,5,mg,OPD,10,,42.24,4.22,03/20/2014 12:00:00 AM,Originator
,,,,Naphazoline,0.25,mg,,,,,,,
Adcock Ingram Limited,X/5.8/383,S1,Adco Sinal Ns ,Caffeine,25,mg,CAP,20,1,18.8,0.94,03/20/2014 12:00:00 AM,Generic
,,,,Paracetamol,300,mg,,,,,,,
,,,,Phenylephrine hydrochloride,25,mg,,,,,,,
Adcock Ingram Limited,36/5.7.1/0286,S2,Allergex Non Drowsy Tablets,Loratadine,10,mg,TAB,10,1,13.98,1.4,03/20/2014 12:00:00 AM,Originator
Adcock Ingram Limited,36/5.7.1/0286,S2,Allergex Non Drowsy Tablets,Loratadine,10,mg,TAB,30,1,41.95,1.4,03/20/2014 12:00:00 AM,Originator
Adcock Ingram Limited,C777 (OM),S2,Colcleer Paediatric,Caffeine,7.5,mg/5ml,SYR,100,1,15.18,0.15,03/20/2014 12:00:00 AM,Originator
,,,,Chlorphenamine,2,mg/5ml,,,,,,,
,,,,Paracetamol,75,mg/5ml,,,,,,,
,,,,Phenylephrine,2.5,mg/5ml,,,,,,,
Adcock Ingram Limited,37/7.1.3/0160,S3,Adco-Zetomax Co 10/12.5,Lisinopril,10,mg,TAB,30,1,57.43,1.91,03/20/2014 12:00:00 AM,Generic
,,,,Hydrochlorothiazide,12.5,mg,,,,,,,
Adcock Ingram Limited,37/7.1.3/0162,S3,Adco-Zetomax Co 20/12.5,Lisinopril,20,mg,TAB,30,1,93.04,3.1,03/20/2014 12:00:00 AM,Generic
,,,,Hydrochlorothiazide,12.5,mg,,,,,,,
Adcock Ingram Limited,35/2.8/0046,S3,Gen-Payne Capsules,Codeine Phosphate,10,mg,CAP,30,1,42.62,1.42,03/20/2014 12:00:00 AM,Generic
,,,,Ibuprofen,200,mg,,,,,,,
,,,,Paracetamol,250,mg,,,,,,,
Adcock Ingram Limited,35/2.8/0046,S3,Gen-Payne Capsules,Codeine Phosphate,10,mg,CAP,100,1,142.05,1.42,03/20/2014 12:00:00 AM,Generic
,,,,Ibuprofen,200,mg,,,,,,,
,,,,Paracetamol,250,mg,,,,,,,
Adcock Ingram Limited,36/20.1.1/0297,S4,Adco-Cefuroxime 750mg ,Cefuroxime ,750,mg,INJ,1,,18.7,1.87,04/30/2014 12:00:00 AM,Generic
Adcock Ingram Limited,36/20.1.1/0297,S4,Adco-Cefuroxime 750mg ,Cefuroxime Sodium,750,mg,INJ,10,,186.98,1.87,04/30/2014 12:00:00 AM,Generic
Adcock Ingram Limited,36/20.1.1/0298,S4,Adco Cefuroxime 1.5g (20ml),Cefuroxime ,1500,mg/20ml,INJ,1,,40.41,2.02,04/30/2014 12:00:00 AM,Generic
Adcock Ingram Limited,36/20.1.1/0298,S4,Adco Cefuroxime 1.5g (20ml),Cefuroxime Sodium,1500,mg/20ml,INJ,10,,404.13,2.02,04/30/2014 12:00:00 AM,Generic
Adcock Ingram Limited,37/12/0008,S2,Adco-Wormex Sd  ,Mebendazole,500,mg,TAB,1,1,8.36,8.36,03/20/2014 12:00:00 AM,Generic
Adcock Ingram Limited,37/11.4.3/0558,S4,Adco-Roznal  ,Lansoprazole,30,mg,CAP,28,1,116.35,4.16,03/20/2014 12:00:00 AM,Generic
Adcock Ingram Limited,C773 (OM),S2,Grippon Cold & Flu,Caffeine,15,mg,TAB,20,1,31.54,1.58,03/20/2014 12:00:00 AM,Originator
,,,,Chlorphenamine,2,mg,,,,,,,
,,,,Paracetamol,150,mg,,,,,,,
,,,,Phenylephrine,5,mg,,,,,,,
Adcock Ingram Limited,36/20.1.1/0296,S4,Adco-Cefuroxime 250 mg ,Cefuroxime ,250,mg,INJ,1,,14.78,1.48,04/30/2014 12:00:00 AM,Generic
Adcock Ingram Limited,36/20.1.1/0296,S4,Adco-Cefuroxime 250 mg ,Cefuroxime Sodium,250,mg,INJ,10,,147.83,1.48,04/30/2014 12:00:00 AM,Generic
Adcock Ingram Limited,T/2.8/243,S3,Myprodol  Tablets,Ibuprofen,200,mg,TAB,30,1,71.59,2.39,03/20/2014 12:00:00 AM,Originator
,,,,Paracetamol,250,mg,,,,,,,
,,,,Codeine phosphate,10,mg,,,,,,,
Adcock Ingram Limited,T/2.8/243,S3,Myprodol Tablets,Ibuprofen,200,mg,TAB,100,1,238.64,2.39,03/20/2014 12:00:00 AM,Originator
,,,,Paracetamol,250,mg,,,,,,,
,,,,Codeine phosphate,10,mg,,,,,,,
Adcock Ingram Limited,36/1.2/0096,S5,Adco-Paroxetine 20mg,Paroxetine,20,mg,TAB,30,1,132.28,4.41,03/20/2014 12:00:00 AM,Generic
Adcock Ingram Limited,S/34/106,S3,Sabax Dianeal 2.5,Calcium chloride dihydrate,257,mg/1000ml,SOL,5000,4,83.82,0,04/30/2014 12:00:00 AM,Originator
,,,,Glucose,25,g/1000ml,,,,,,,
,,,,Magnesium chloride,50.800000000000004,g/1000ml,,,,,,,
,,,,Sodium chloride,5.38,g/1000ml,,,,,,,
,,,,Sodium lactate,4.48,g/1000ml,,,,,,,
Adcock Ingram Limited,S/34/106,S3,Sabax Dianeal 2.5,Calcium chloride dihydrate,257,mg/1000ml,SOL,5000,4,83.82,0,04/30/2014 12:00:00 AM,Originator
,,,,Magnesium chloride,50.800000000000004,g/1000ml,,,,,,,
,,,,Glucose,25,g/1000ml,,,,,,,
,,,,Sodium chloride,5.38,g/1000ml,,,,,,,
,,,,Sodium lactate,4.48,g/1000ml,,,,,,,
Adcock Ingram Limited,L614 (Act 101 /1965) ,S3,Sabax  Dianeal 1.5 (5L In 5L),Calcium Chloride,260,g/1000ml,SOL,5000,4,83.82,0,04/30/2014 12:00:00 AM,Originator
,,,,Glucose,15,g/1000ml,,,,,,,
,,,,Magnesium chloride,150,g/1000ml,,,,,,,
,,,,Sodium chloride,5.6,g/1000ml,,,,,,,
,,,,Sodium lactate,5,g/1000ml,,,,,,,
Adcock Ingram Limited,L614 (Act 101 /1965) ,S3,Sabax  Dianeal 1.5 5L In 5L,Calcium Chloride,260,g/1000ml,SOL,5000,4,83.82,0,04/30/2014 12:00:00 AM,Originator
,,,,Magnesium chloride,150,g/1000ml,,,,,,,
,,,,Glucose,15,g/1000ml,,,,,,,
,,,,Sodium chloride,5.6,g/1000ml,,,,,,,
,,,,Sodium lactate,5,g/1000ml,,,,,,,
Adcock Ingram Limited,L614 (Act 101 /1965) ,S3,Sabax  Dianeal 1.5 (5L In 5L),Calcium Chloride,260,g/1000ml,SOL,5000,2,167.62,0.02,04/30/2014 12:00:00 AM,Originator
,,,,Magnesium chloride,150,g/1000ml,,,,,,,
,,,,Glucose,15,g/1000ml,,,,,,,
,,,,Sodium chloride,5.6,g/1000ml,,,,,,,
,,,,Sodium lactate,5,g/1000ml,,,,,,,
Adcock Ingram Limited,85/23.4/3,S3,Sabax Plasma Vet 3000ml,Magnesium chloride,0.305,g/1000ml,INF,3000,4,70.3,0.01,04/30/2014 12:00:00 AM,Originator
,,,,Potassium chloride,0.373,g/1000ml,,,,,,,
,,,,Sodium chloride,7.6,g/1000ml,,,,,,,
Adcock Ingram Limited,85/23.4/3,S3,Sabax Plasma Vet (3000ml),Sodium chloride,7.6,g/1000ml,INF,3000,4,70.3,0.01,04/30/2014 12:00:00 AM,Originator
,,,,Potassium chloride,0.373,g/1000ml,,,,,,,
,,,,Magnesium chloride,0.305,g/1000ml,,,,,,,
Adcock Ingram Limited,,S1,Hemofil-M Factor VIII,Coagulation factor VIII,1,ZZZ,INJ,448,,15.5,0.03,04/30/2014 12:00:00 AM,
Adcock Ingram Limited,M/34/290,S1,Sabatane 0.05% 500Ml,Chlorhexidine,0.5,g,SOL,500,10,9.43,0,04/30/2014 12:00:00 AM,Originator
Adcock Ingram Limited,37/20.2.2/0559,S4,Adco-Sporozole  ,Itraconazole,100,mg,CAP,4,1,106.38,26.59,03/20/2014 12:00:00 AM,Generic
Adcock Ingram Limited,37/20.2.2/0559,S4,Adco-Sporozole  ,Itraconazole,100,mg,CAP,14,1,372.3,26.59,03/20/2014 12:00:00 AM,Generic
Adcock Ingram Limited,27/5.8/0258,S2,Adco-Sufedrin,Pseudoephedrine,30,mg,SYR,100,1,744.61,7.45,03/20/2014 12:00:00 AM,Generic
Adcock Ingram Limited,37/3.1/0235,S3,Adco-Meloxicam 15,Meloxicam,15,mg,TAB,10,1,11.18,1.12,03/20/2014 12:00:00 AM,Generic
Adcock Ingram Limited,J/15.4/312,S3,Atropine Eye Drops,Atropine Sulphate,10,mg/ml,OPD,5,1,27.84,5.57,03/20/2014 12:00:00 AM,Originator
Adcock Ingram Limited,H1489 (OM),S2,Aurasept , Benzocaine ,10,mg/ml,LIQ,15,1,29.97,2,03/20/2014 12:00:00 AM,Originator
,,,,Phenazone ,50,mg/ml,,,,,,,
Adcock Ingram Limited,A39/10.2.1/0373,S3,Sabax Combineb,Ipratropium Bromide,0.5,mg/2.5ml,SOL,2.5,60,377.4,2.52,04/30/2014 12:00:00 AM,Generic
,,,,Salbutamol Sulphate,2.5,mg/2ml,,,,,,,
Adcock Ingram Limited,A39/34/0163,S3,Sabax Low Magnesium Acid Diasol (1000Ml),Acetic Acid,6.31,g,SOL,1000,2,66.42,0.03,04/30/2014 12:00:00 AM,Originator
,,,,Calcium chloride,7.72,g,,,,,,,
,,,,Magnesium chloride,2135,g,,,,,,,
,,,,Potassium chloride,3.92,g,,,,,,,
,,,,Sodium chloride,214.8,g,,,,,,,
Adcock Ingram Limited,A39/34/0162,S3,Sabax Low Glucose Acid Diasol (5000Ml),Acetic Acid,6.31,g,SOL,5000,2,84.6,0.01,04/30/2014 12:00:00 AM,Originator
,,,,Calcium chloride,7.72,g,,,,,,,
,,,,Glucose,38.5,g,,,,,,,
,,,,Magnesium chloride,2135,g,,,,,,,
,,,,Potassium chloride,3.92,g,,,,,,,
,,,,Sodium chloride,214.8,g,,,,,,,
Adcock Ingram Limited,A39/34/0162,S3,Sabax Low Glucose Acid Diasol 5000Ml,Magnesium Chloride,2135,g,SOL,5000,2,157.53,0.02,04/30/2014 12:00:00 AM,Originator
,,,,Sodium chloride,214.8,g,,,,,,,
,,,,Glucose,38.5,g,,,,,,,
,,,,Calcium chloride,7.72,g,,,,,,,
,,,,Acetic acid,6.31,g,,,,,,,
,,,,Potassium chloride,3.92,g,,,,,,,
Adcock Ingram Limited,A39/34/0400,S3,Sabax Low Calcium Acid Diasol (1000Ml),Acetic Acid,6.31,g,SOL,1000,2,75.21,0.04,04/30/2014 12:00:00 AM,Originator
,,,,Calcium chloride,6.43,g,,,,,,,
,,,,Magnesium chloride,2135,g,,,,,,,
,,,,Potassium chloride,3.92,g,,,,,,,
,,,,Sodium chloride,214.8,g,,,,,,,
Adcock Ingram Limited,A39/34/0400,S3,Sabax Low Calcium Acid Diasol (1000Ml),Magnesium Chloride,2.135,g,SOL,1000,2,150.43,0.08,04/30/2014 12:00:00 AM,Originator
,,,,Sodium chloride,214.8,g,,,,,,,
,,,,Calcium chloride,6.43,g,,,,,,,
,,,,Acetic acid,6.31,g,,,,,,,
,,,,Potassium chloride,3.92,g,,,,,,,
Adcock Ingram Limited,A39/34/0164,S3,"Sabax Liq Bicarb Concentrate 8,4%",Sodium Bicarbonate,84,g,SOL,5000,2,84.6,0.01,04/30/2014 12:00:00 AM,Originator
,,,,Sodium edetate,100,g,,,,,,,
Adcock Ingram Limited,A39/34/0164,S3,Sabax Liq Bicarb Concentrate 8.4%,Sodium Bicarbonate,84,g,SOL,5000,2,157.53,0.02,04/30/2014 12:00:00 AM,Originator
Adcock Ingram Limited,A39/34/0168,S3,Sabax Standard Acute Acid Diasol,Acetic Acid,6.31,g,SOL,5000,2,77.64,0.01,04/30/2014 12:00:00 AM,Originator
,,,,Calcium chloride,7.72,g,,,,,,,
,,,,Glucose,154,g,,,,,,,
,,,,Magnesium chloride,5.34,g,,,,,,,
,,,,Potassium chloride,3.92,g,,,,,,,
,,,,Sodium chloride,198.4,g,,,,,,,
Adcock Ingram Limited,A39/34/0165,S1,Standard Chronic 1000Ml,Acetic Acid,6.31,g,SOL,5000,2,75.22,0.01,04/30/2014 12:00:00 AM,Originator
,,,,Calcium chloride,7.72,g,,,,,,,
,,,,Magnesium chloride,5.34,g,,,,,,,
,,,,Potassium chloride,3.92,g,,,,,,,
,,,,Sodium chloride,214.8,g,,,,,,,
Adcock Ingram Limited,A39/34/0165,S3,Sabax Standard Chronic Acid Diasol (1000Ml),Sodium Chloride,214.8,g,SOL,1000,2,140.08,0.07,04/30/2014 12:00:00 AM,Originator
,,,,Calcium chloride,7.72,g,,,,,,,
,,,,Acetic acid,6.31,g,,,,,,,
,,,,Magnesium chloride,5.34,g,,,,,,,
,,,,Potassium chloride,3.92,g,,,,,,,
Adcock Ingram Limited,A39/34/0169,S3,Sabax High Potasium Acid Diasol (5000Ml),Acetic Acid,6.31,g,SOL,5000,2,87.86,0.01,04/30/2014 12:00:00 AM,Originator
,,,,Calcium chloride,7.72,g,,,,,,,
,,,,Glucose,154,g,,,,,,,
,,,,Magnesium chloride,5.34,g,,,,,,,
,,,,Potassium chloride,9.13,g,,,,,,,
,,,,Sodium chloride,198.4,g,,,,,,,
Adcock Ingram Limited,A39/34/0169,S3,Sabax High Potasium Acid Diasol 5000Ml,Sodium Chloride,198.4,g,SOL,5000,2,175.72,0.02,04/30/2014 12:00:00 AM,Originator
,,,,Glucose,154,g,,,,,,,
,,,,Potassium chloride,9.13,g,,,,,,,
,,,,Calcium chloride,7.72,g,,,,,,,
,,,,Acetic acid,6.31,g,,,,,,,
,,,,Magnesium chloride,5.34,g,,,,,,,
Adcock Ingram Limited,38/21.8.2/0248,S4,Adco-Fem 35,Cyproterone Acetate ,2,mg,TAB,28,1,37.04,1.32,03/20/2014 12:00:00 AM,Generic
,,,,Ethinyloestradiol ,0.035,mg,,,,,,,
Adcock Ingram Limited,37/34/0586,S3,Physioneal 40 Glucose 3.86% (2L),Calcium Chloride,0.507,g/ml,SOL,2000,4,126.28,0.02,04/30/2014 12:00:00 AM,Originator
,,,,Glucose,106.5,g/ml,,,,,,,
,,,,Magnesium chloride,0.14,g/ml,,,,,,,
Adcock Ingram Limited,37/34/0585,S3,Physioneal 40 Glucose 2.27% w/v/22.7 MG?ML,Calcium Chloride Dihydrate,0.507,g/1000ml,SOL,2000,4,123.37,0.02,04/30/2014 12:00:00 AM,Originator
,,,,Glucose,62.6,g/ml,,,,,,,
,,,,Magnesium chloride,0.14,g/ml,,,,,,,
Adcock Ingram Limited,37/34/0584,S3,"Physioneal 40 Glucose 1.36% w/v/13,6 mg/ml",Anhydrous Glucose,37.5,g/1000 ml,SOL,2000,4,522.14,0.07,04/30/2014 12:00:00 AM,Originator
,,,,Glucose,37.5,g/ml,,,,,,,
,,,,Magnesium chloride,0.14,g/ml,,,,,,,
Adcock Ingram Limited,37/34/0584,S3,"Physioneal 40 Glucose 1.36% w/v/13,6 mg/ml",Anhydrous Glucose,37.5,g/1000 ml,SOL,2000,1,121.54,0.06,04/30/2014 12:00:00 AM,Originator
,,,,Sodium chloride,8.43,g/ml,,,,,,,
,,,,Sodium bicarbonate,3.29,g/ml,,,,,,,
Adcock Ingram Limited,38/7.1.3/0210,S3,Adco-Quinaretic 10/12.5,Quinapril Hydrochloride Equivalent To Quinapril,10,mg,TAB,30,1,72.16,2.41,03/20/2014 12:00:00 AM,Generic
,,,,Hydrochlorothiazide,12.5,mg,,,,,,,
Adcock Ingram Limited,38/7.1.3/0211,S3,Adco-Quinaretic 20/12.5,Quinapril Hydrochloride Equivalent To Quinapril,20,mg,TAB,30,1,110.33,3.68,03/20/2014 12:00:00 AM,Generic
,,,,Hydrochlorothiazide,12.5,mg,,,,,,,
Adcock Ingram Limited,X/34/164,S3,Sabax Dianeal LS 4.25,Calcium Chloride dihydrate,0.254,g/1l,DIA,2500,1,77.05,0.03,04/30/2014 12:00:00 AM,Originator
,,,,Sodium Chloride,5.6,g/1000ml,,,,,,,
,,,,Sodium Lactate,5,g/1000ml,,,,,,,
,,,,Glucose monohydrate,42.5,g/1000ml,,,,,,,
,,,,Magnesium Chloride hexahydrate,150,g/1000ml,,,,,,,
Adcock Ingram Limited,X/34/164,S3,Sabax Dianeal LS 4.25,Calcium Chloride dihydrate,0.254,g/1l,DIA,2500,4,308.21,0.03,04/30/2014 12:00:00 AM,Originator
,,,,Sodium Chloride,5.67,g,,,,,,,
,,,,Sodium Lactate,3.92,g,,,,,,,
,,,,Calcium Chloride dihydrate,257,mg,,,,,,,
,,,,Magnesium Chloride hexahydrate,152,mg/1000ml,,,,,,,
Adcock Ingram Limited,37/34/0243,S3,Nutrineal PD4 with 1.1% amino acids,Calcium chloride dihydrate,0.184,g/1000ml,SOL,2500,1,221.03,0.09,04/30/2014 12:00:00 AM,Originator
,,,,Arginine hydrochloride,1.071,g/1000ml,,,,,,,
,,,,Calcium chloride,0.184,g/1000ml,,,,,,,
,,,,Cycloserine,0.51,g/1000ml,,,,,,,
,,,,Glycine,0.51,g/1000ml,,,,,,,
,,,,Histidine,0.714,g/1000ml,,,,,,,
,,,,Isoleucine,0.85,g/1000ml,,,,,,,
,,,,Leucine,1.02,g/1000ml,,,,,,,
,,,,Lysine,0.955,g/1000ml,,,,,,,
,,,,Magnesium chloride,0.051,g/1000ml,,,,,,,
,,,,Methionine,0.85,g/1000ml,,,,,,,
,,,,Phenylalanine,0.57,g/1000ml,,,,,,,
,,,,Proline,0.595,g/1000ml,,,,,,,
,,,,Threonine,0.646,g/1000ml,,,,,,,
,,,,Tryptophan,0.27,g/1000ml,,,,,,,
,,,,Tyrosine,0.3,g/1000ml,,,,,,,
,,,,Valine,1.393,g/1000ml,,,,,,,
Adcock Ingram Limited,37/34/0243,S3,Nutrineal Pd4 W/1.1% Amin Acid (2.5L),Calcium chloride dihydrate,0.184,g/1000ml,SOL,2500,5,1029,0.08,04/30/2014 12:00:00 AM,Originator
,,,,Sodium lactate,4.48,g/1000ml,,,,,,,
Adcock Ingram Limited,36/15.4/0357,S2,Spersallerg Single Dose Units,Antazoline,0.15,mg/0.3ml,OPD,20,,52.66,2.63,03/20/2014 12:00:00 AM,Originator
,,,,Tetryzoline,0.12,mg/0.3ml,,,,,,,
Adcock Ingram Limited,38/2.9/0274,S5,Tramgesic Flashtabs,Tramadol Hydrochloride,50,mg,TAB,30,1,76.58,2.55,03/20/2014 12:00:00 AM,Generic
Adcock Ingram Limited,36/22.1/0508,S1,Cernevit,Retinol Palmitate,3.5,iu/Vial,INJ,5,10,1507.94,30.16,04/30/2014 12:00:00 AM,Originator 
,,,,Cholecalciferol,220,iu/Vial,,,,,,,
,,,,Dl-Alpha-Tocopherol,10.2,mg/Vial,,,,,,,
,,,,Dexpanthenol,16.15,mg/Vial,,,,,,,
,,,,Pyridoxine Hydrochloride,5.5,mg/Vial,,,,,,,
,,,,Cocarboxylase Tetrahydrate,5.8,mg/Vial,,,,,,,
,,,,Riboflavin Sodium Phosphate,5.67,mg/Vial,,,,,,,
,,,,Folic Acid,0.414,mg/Vial,,,,,,,
,,,,D-Biotin,0.069,mg/Vial,,,,,,,
,,,,Nicotinamide,46,mg/Vial,,,,,,,
,,,,Ascorbic Acid,125,mg/Vial,,,,,,,
,,,,Cyanocobalamin,0.0006,mg/Vial,,,,,,,
Adcock Ingram Limited,36/22.1/0508,S1,Cernevit,Retinol Palmitate,3.5,iu/Vial,INJ,5,1,150.79,30.16,04/30/2014 12:00:00 AM,Originator 
,,,,Cholecalciferol,220,iu/Vial,,,,,,,
,,,,Dl-Alpha-Tocopherol,10.2,mg/Vial,,,,,,,
,,,,Dexpanthenol,16.15,mg/Vial,,,,,,,
,,,,Pyridoxine Hydrochloride,5.5,mg/Vial,,,,,,,
,,,,Cocarboxylase Tetrahydrate,5.8,mg/Vial,,,,,,,
,,,,Riboflavin Sodium Phosphate,5.67,mg/Vial,,,,,,,
,,,,Ascorbic Acid,125,mg/Vial,,,,,,,
,,,,Cyanocobalamin,0.0006,mg/Vial,,,,,,,
,,,,Folic Acid,0.414,mg/Vial,,,,,,,
,,,,D-Biotin,0.069,mg/Vial,,,,,,,
,,,,Nicotinamide,46,mg/Vial,,,,,,,
Adcock Ingram Limited,38/34/0172,S3,Extraneal 2L,Calcium chloride,0.257,g,SOL,1,,252.68,,04/30/2014 12:00:00 AM,Originator
,,,,Icodextrin,75,g,,,,,,,
,,,,Magnesium chloride,0.051,g,,,,,,,
,,,,Sodium chloride,5.4,g,,,,,,,
,,,,Sodium lactate,4.5,g,,,,,,,
Adcock Ingram Limited,38/34/0172,S3,Extraneal ,Icodextrin,75,g/1000ml,SOL,2000,1,267.34,0.13,04/30/2014 12:00:00 AM,Originator
,,,,Sodium chloride,5.4,g,,,,,,,
,,,,Sodium lactate,4.5,g,,,,,,,
,,,,Calcium chloride,0.257,g,,,,,,,
,,,,Magnesium chloride,0.051,g,,,,,,,
,,,,L-tyrosine,0.34,g/1000ml,,,,,,,
Adcock Ingram Limited,37/25.2/0501,S3,Oliclinomel N4-550 E,Amino acids solution compartment with electrolytes ,5.5,%/bag,INF,2500,2,1696.14,0.34,04/30/2014 12:00:00 AM,Originator
,,,,L-alanine,11.39,g/1000ml,,,,,,,
,,,,L-arginine,6.33,g/1000ml,,,,,,,
,,,,Glycine,5.67,g/1000ml,,,,,,,
,,,,L-histidine,2.64,g/1000ml,,,,,,,
,,,,L-isoleucine,3.3,g/1000ml,,,,,,,
,,,,L-leucine,4.02,g/1000ml,,,,,,,
,,,,L-lysine,3.19,g/1000ml,,,,,,,
,,,,L-methionine,2.2,g/1000ml,,,,,,,
,,,,L-phenylalanine,3.08,g/1000ml,,,,,,,
,,,,L-proline,3.74,g/1000ml,,,,,,,
,,,,L-serine,2.75,g/1000ml,,,,,,,
,,,,L-threonine,2.31,g/1000ml,,,,,,,
,,,,L-tryptophan,0.99,g/1000ml,,,,,,,
,,,,L-tyrosine,0.22,g/1000ml,,,,,,,
,,,,L-valine,3.19,g/1000ml,,,,,,,
,,,,Sodium acetate,2.45,g/1000ml,,,,,,,
,,,,Sodium glycerophosphate,5.36,g/1000ml,,,,,,,
,,,,Potassium chloride,2.98,g/1000ml,,,,,,,
,,,,Magnesium chloride,1.12,g/1000ml,,,,,,,
,,,,Glucose monohydrate,200,g/1000ml,,,,,,,
,,,,refined soya-bean oil + Refined olive oil,100,g/1000ml,,,,,,,
,,,,Calcium chloride,0.74,g/1000ml,,,,,,,
Adcock Ingram Limited,37/25.2/0501,S3,Oliclinomel N4-550 E,Amino acids solution compartment with electrolytes ,5.5,%/bag,INF,2500,1,2182.09,0.87,04/30/2014 12:00:00 AM,Originator
,,,,L-alanine,11.39,g/1000ml,,,,,,,
,,,,L-arginine,6.33,g/1000ml,,,,,,,
,,,,Glycine,5.67,g/1000ml,,,,,,,
,,,,L-histidine,2.64,g/1000ml,,,,,,,
,,,,L-isoleucine,3.3,g/1000ml,,,,,,,
,,,,L-leucine,4.02,g/1000ml,,,,,,,
,,,,L-lysine,3.19,g/1000ml,,,,,,,
,,,,L-methionine,2.2,g/1000ml,,,,,,,
,,,,L-phenylalanine,3.08,g/1000ml,,,,,,,
,,,,L-proline,3.74,g/1000ml,,,,,,,
,,,,L-serine,2.75,g/1000ml,,,,,,,
,,,,L-threonine,2.31,g/1000ml,,,,,,,
,,,,L-tryptophan,0.99,g/1000ml,,,,,,,
,,,,L-tyrosine,0.22,g/1000ml,,,,,,,
,,,,L-valine,3.19,g/1000ml,,,,,,,
,,,,Sodium acetate,2.45,g/1000ml,,,,,,,
,,,,Sodium glycerophosphate,5.36,g/1000ml,,,,,,,
,,,,Potassium chloride,2.98,g/1000ml,,,,,,,
,,,,Magnesium chloride,1.12,g/1000ml,,,,,,,
,,,,Glucose monohydrate,200,g/1000ml,,,,,,,
,,,,refined soya-bean oil + Refined olive oil,100,g/1000ml,,,,,,,
,,,,Calcium chloride,0.74,g/1000ml,,,,,,,
Adcock Ingram Limited,37/25.2/0503,S3,Oliclinomel N6-900 E,Amino acids solution compartment with electrolytes ,8.5,%/bag,INF,2000,4,6166.85,0.77,04/30/2014 12:00:00 AM,Originator
,,,,L-alanine,17.6,g/1000ml,,,,,,,
,,,,L-arginine,9.78,g/1000ml,,,,,,,
,,,,Glycine,8.76,g/1000ml,,,,,,,
,,,,L-histidine,4.08,g/1000ml,,,,,,,
,,,,L-isoleucine,5.1,g/1000ml,,,,,,,
,,,,L-leucine,6.21,g/1000ml,,,,,,,
,,,,L-lysine,4.93,g/1000ml,,,,,,,
,,,,L-methionine,3.4,g/1000ml,,,,,,,
,,,,L-phenylalanine,4.76,g/1000ml,,,,,,,
,,,,L-proline,5.78,g/1000ml,,,,,,,
,,,,L-serine,4.25,g/1000ml,,,,,,,
,,,,L-threonine,3.57,g/1000ml,,,,,,,
,,,,L-tryptophan,1.53,g/1000ml,,,,,,,
,,,,L-tyrosine,0.4,g/1000ml,,,,,,,
,,,,L-valine,5.8,g/1000ml,,,,,,,
,,,,Sodium acetate,6.12,g/1000ml,,,,,,,
,,,,Sodium glycerophosphate,5.36,g/1000ml,,,,,,,
,,,,Potassium chloride,4.47,g/1000ml,,,,,,,
,,,,Magnesium chloride,1.12,g/1000ml,,,,,,,
,,,,Glucose monohydrate,400,g/1000ml,,,,,,,
,,,,refined soya-bean oil + Refined olive oil,200,g/1000ml,,,,,,,
,,,,Calcium chloride,0.74,g/1000ml,,,,,,,
Adcock Ingram Limited,37/25.2/0503,S3,Oliclinomel N6-900 E,Amino acids solution compartment with electrolytes ,8.5,%/bag,INF,2000,1,1555.54,0.78,04/30/2014 12:00:00 AM,Originator 
,,,,L-alanine,17.6,g/1000ml,,,,,,,
,,,,L-arginine,9.78,g/1000ml,,,,,,,
,,,,Glycine,8.76,g/1000ml,,,,,,,
,,,,L-histidine,4.08,g/1000ml,,,,,,,
,,,,L-isoleucine,5.1,g/1000ml,,,,,,,
,,,,L-leucine,6.21,g/1000ml,,,,,,,
,,,,L-lysine,4.93,g/1000ml,,,,,,,
,,,,L-methionine,3.4,g/1000ml,,,,,,,
,,,,L-phenylalanine,4.76,g/1000ml,,,,,,,
,,,,L-proline,5.78,g/1000ml,,,,,,,
,,,,L-serine,4.25,g/1000ml,,,,,,,
,,,,L-threonine,3.57,g/1000ml,,,,,,,
,,,,L-tryptophan,1.53,g/1000ml,,,,,,,
,,,,L-tyrosine,0.34,g/1000ml,,,,,,,
,,,,L-valine,4.93,g/1000ml,,,,,,,
,,,,Sodium acetate,6.12,g/1000ml,,,,,,,
,,,,Sodium glycerophosphate,5.36,g/1000ml,,,,,,,
,,,,Potassium chloride,4.47,g/1000ml,,,,,,,
,,,,Magnesium chloride,1.12,g/1000ml,,,,,,,
,,,,Glucose monohydrate,300,g/1000ml,,,,,,,
,,,,refined soya-bean oil + Refined olive oil,200,g/1000ml,,,,,,,
,,,,Calcium chloride,0.74,g/1000ml,,,,,,,
Adcock Ingram Limited,37/25.2/0504,S3,Oliclinomel N7-1000 E,Amino acids solution compartment with electrolytes ,10,%/bag,INF,2000,4,1610.06,0.2,04/30/2014 12:00:00 AM,Originator
,,,,L-alanine,20.7,g/1000ml,,,,,,,
,,,,L-arginine,11.5,g/1000ml,,,,,,,
,,,,Glycine,10.3,g/1000ml,,,,,,,
,,,,L-histidine,4.8,g/1000ml,,,,,,,
,,,,L-isoleucine,6,g/1000ml,,,,,,,
,,,,L-leucine,7.3,g/1000ml,,,,,,,
,,,,L-lysine,5.8,g/1000ml,,,,,,,
,,,,L-methionine,4,g/1000ml,,,,,,,
,,,,L-phenylalanine,5.6,g/1000ml,,,,,,,
,,,,L-proline,6.8,g/1000ml,,,,,,,
,,,,L-serine,5,g/1000ml,,,,,,,
Adcock Ingram Limited,37/25.2/0504,S3,Oliclinomel N7-1000 E,Amino acids solution compartment with electrolytes ,10,%/bag,INF,2000,1,1729.21,0.86,04/30/2014 12:00:00 AM,Originator
,,,,L-alanine,20.7,g/1000ml,,,,,,,
,,,,L-arginine,11.5,g/1000ml,,,,,,,
,,,,Glycine,10.3,g/1000ml,,,,,,,
,,,,L-histidine,4.8,g/1000ml,,,,,,,
,,,,L-isoleucine,6,g/1000ml,,,,,,,
,,,,L-leucine,7.3,g/1000ml,,,,,,,
,,,,L-lysine,5.8,g/1000ml,,,,,,,
,,,,L-methionine,4,g/1000ml,,,,,,,
,,,,L-phenylalanine,5.6,g/1000ml,,,,,,,
,,,,L-proline,6.8,g/1000ml,,,,,,,
,,,,L-serine,5,g/1000ml,,,,,,,
,,,,L-threonine,4.2,g/1000ml,,,,,,,
,,,,L-tryptophan,1.8,g/1000ml,,,,,,,
,,,,L-tyrosine,0.4,g/1000ml,,,,,,,
,,,,L-valine,5.8,g/1000ml,,,,,,,
,,,,Sodium acetate,6.12,g/1000ml,,,,,,,
,,,,Sodium glycerophosphate,5.36,g/1000ml,,,,,,,
,,,,Potassium chloride,4.47,g/1000ml,,,,,,,
,,,,Magnesium chloride,1.12,g/1000ml,,,,,,,
,,,,Glucose monohydrate,400,g/1000ml,,,,,,,
,,,,refined soya-bean oil + Refined olive oil,200,g/1000ml,,,,,,,
,,,,Calcium chloride,0.74,g/1000ml,,,,,,,
Adcock Ingram Limited,A39/2.6/0072,S5,Stresam,Etifoxine Hydrochloride,50,mg,CAP,60,1,195.33,3.26,03/20/2014 12:00:00 AM,Originator
Adcock Ingram Limited,A39/11.4.3/0116,S4,Adco-Roznal 15 ,Lansoprazole,15,mg,CAP,14,1,82.86,5.92,03/20/2014 12:00:00 AM,Generic
Adcock Ingram Limited,A39/11.4.3/0116,S4,Adco-Roznal 15 ,Lansoprazole,15,mg,CAP,28,1,165.73,5.92,03/20/2014 12:00:00 AM,Generic
Adcock Ingram Limited,A39/11.4.3/0116,S4,Adco-Roznal 15 ,Lansoprazole,15,mg,CAP,7,1,41.43,5.92,03/20/2014 12:00:00 AM,Generic
Adcock Ingram Limited,36/5.7.1/0369,S2,Adco-Cetirizine, Cetirizine,10,mg,LIQ,150,1,100.43,0.67,03/20/2014 12:00:00 AM,Generic
Adcock Ingram Limited,A39/20.1.1/0646,S4,Sabax Ciprofloxacin 2Mg/Ml   (50Ml)   ,Ciprofloxacin,2,mg/ml,INF,50,1,38.12,0.76,04/30/2014 12:00:00 AM,Originator
,,,,Sodium glycerophosphate,5.36,g/1000ml,,,,,,,
,,,,Potassium chloride,4.47,g/1000ml,,,,,,,
,,,,Magnesium chloride,1.12,g/1000ml,,,,,,,
,,,,Glucose monohydrate,300,g/1000ml,,,,,,,
,,,,refined soya-bean oil + Refined olive oil,200,g/1000ml,,,,,,,
,,,,Calcium chloride,0.74,g/1000ml,,,,,,,
Adcock Ingram Limited,A39/20.1.1/0646,S4,Sabax Ciprofloxacin 2Mg/Ml   (50Ml)   ,Ciprofloxacin,2,mg/ml,INF,50,10,360.32,0.72,04/30/2014 12:00:00 AM,Originator
Adcock Ingram Limited,A39/20.1.1/0646,S4,Sabax Ciprofloxacin 2Mg/Ml     (100Ml),Ciprofloxacin,2,mg/ml,INF,100,1,76.27,0.76,04/30/2014 12:00:00 AM,Originator
Adcock Ingram Limited,A39/20.1.1/0646,S4,Sabax Ciprofloxacin 2Mg/Ml     (100Ml),Ciprofloxacin,2,mg/ml,INF,100,10,720.85,0.72,04/30/2014 12:00:00 AM,Originator
Adcock Ingram Limited,A39/20.1.1/0646,S4,Sabax Ciprofloxacin 2Mg/Ml   (200Ml),Ciprofloxacin,2,mg/ml,INF,200,1,152.52,0.76,04/30/2014 12:00:00 AM,Originator
Adcock Ingram Limited,A39/20.1.1/0646,S4,Sabax Ciprofloxacin 2Mg/Ml   (200Ml),Ciprofloxacin,2,mg/ml,INF,200,10,144.16,0.07,04/30/2014 12:00:00 AM,Originator
Adcock Ingram Limited,Z/3.1/165,S1,Fastum Gel  Dispenser,Ketoprofen,2.5,g,GEL,100,1,108.25,1.08,03/20/2014 12:00:00 AM,Originator
Adcock Ingram Limited,41/20.2.8/0237,S4,Adco-Zidovudine Tablets,Zidovudine,300,mg,TAB,60,1,157.8,2.63,04/30/2014 12:00:00 AM,Generic
Adcock Ingram Limited,41/20.2.8/0235,S4,Adco-Nevirapine Tablets,Nevirapine,200,mg,TAB,60,1,142.8,2.38,04/30/2014 12:00:00 AM,Generic
Adcock Ingram Limited,41/20.2.8/0236,S4,Adco-Lamivudine Tablets,Lamivudine,150,mg,TAB,60,1,42,0.7,04/30/2014 12:00:00 AM,Generic
Adcock Ingram Limited, F/2.8/7,S2,Betapyn ,Caffeine,50,mg,TAB,18,1,24.89,1.38,03/20/2014 12:00:00 AM,Generic
,,,,Codeine phosphate,10,mg,,,,,,05/19/2010 12:00:00 AM,
,,,,Doxylamine succinate,5,mg,,,,,,05/19/2010 12:00:00 AM,
,,,,Paracetamol,450,mg,,,,,,05/19/2010 12:00:00 AM,
Adcock Ingram Limited, F/2.8/7,S2,Betapyn,Caffeine,50,mg,TAB,100,1,138.27,1.38,03/20/2014 12:00:00 AM,Generic
,,,,Codeine phosphate,10,mg,,,,,,05/19/2010 12:00:00 AM,
,,,,Doxylamine succinate,5,mg,,,,,,05/19/2010 12:00:00 AM,
,,,,Paracetamol,450,mg,,,,,,05/19/2010 12:00:00 AM,
Adcock Ingram Limited,38/10.1/0239,S2,Dilinct Dry Cough Syrup,Dextromethorphan Hydrobromide ,15,mg/5ml,SYR,100,1,24.47,0.24,03/20/2014 12:00:00 AM,Generic
Adcock Ingram Limited,38/10.1/0239,S2,Dilinct Dry Cough Syrup,Dextromethorphan Hydrobromide ,15,mg/5ml,SYR,200,1,48.96,0.24,03/20/2014 12:00:00 AM,Generic
Adcock Ingram Limited,U/2.7/20,S2,Betagesic,Ibuprofen,200,mg,TAB,20,1,22.82,1.14,03/20/2014 12:00:00 AM,Generic
Adcock Ingram Limited,U/2.7/20,S2,Betagesic ,Ibuprofen,200,mg,TAB,100,1,114.12,1.14,03/20/2014 12:00:00 AM,Generic
Adcock Ingram Limited,C/18.6/143,S2,Betadine Douche,Povidone-Iodine,10,g/100ml,DOU,250,1,201.59,0.81,03/20/2014 12:00:00 AM,Originator
Adcock Ingram Limited,A39/1.2/0217,S5,Adco-Mirteron 15Mg,Metazapine,15,mg,TAB,30,1,237.17,7.91,03/20/2014 12:00:00 AM,Generic
Adcock Ingram Limited,A39/1.2/0218,S5,Adco-Mirteron 30Mg,Metazapine,30,mg,TAB,30,1,364.45,12.15,03/20/2014 12:00:00 AM,Generic
Adcock Ingram Limited,36/20.1.1/0322,S4,Adco Cefotaxime 500mg,Cefotaxime sodium,500,mg,INJ,10,,205.48,20.55,03/20/2014 12:00:00 AM,Generic
Adcock Ingram Limited,36/20.1.1/0322,S4,Adco Cefotaxime 500mg,Cefotaxime sodium,500,mg,INJ,1,,20.55,20.55,03/20/2014 12:00:00 AM,Generic
Adcock Ingram Limited,36/20.1.1/0323,S4,Adco Cefotaxime 1g,Cefotaxime sodium,1,g,INJ,10,,335.72,33.57,03/20/2014 12:00:00 AM,Generic
Adcock Ingram Limited,36/20.1.1/323,S4,Adco Cefotaxime 1g,Cefotaxime sodium,1,g,INJ,1,,33.57,33.57,03/20/2014 12:00:00 AM,Generic
Adcock Ingram Limited,37/13.9.1/0241,S4,Dovobet ,Betamethasone Dipropionate Equivalent To Betamethasone,0.5,mg/g,OIN,30,1,329.49,10.98,03/20/2014 12:00:00 AM,Generic
,,,,Calcipotriol,50,µg/g,,,,,,,
Adcock Ingram Limited,37/13.9.1/0241,S4,Dovobet ,Betamethasone Dipropionate Equivalent To Betamethasone,0.5,mg/g,OIN,60,1,658.97,10.98,03/20/2014 12:00:00 AM,Generic
,,,,Calcipotriol,50,µg/g,,,,,,,
Adcock Ingram Limited,B810 (OM),S5,Trinagesic Capsules,Codeine,8,mg,CAP,500,1,383.33,0.77,03/20/2014 12:00:00 AM,Originator
,,,,Meprobamate,200,mg,,,,,,,
,,,,Paracetamol,400,mg,,,,,,,
Adcock Ingram Limited,41/20.2.8/0331,S4,Adco-Lamivudine Solution,Lamivudine,10,mg/ml,SOL,240,1,60,0.25,04/30/2014 12:00:00 AM,Generic
Adcock Ingram Limited,41/20.2.8/0511,S4,Adco-Zidovudine Syrup,Zidovudine,50,mg/5ml,SYR,200,1,60,0.3,04/30/2014 12:00:00 AM,Generic
Adcock Ingram Limited,41/20.2.8/0510,S4,Adco-Zidovudine Syrup Alcohol and Sugar Free,Zidovudine,50,mg/5ml,SYR,200,1,65.33,0.33,03/20/2014 12:00:00 AM,Generic
Adcock Ingram Limited,41/20.2.8/0514,S4,Adco-Lamivudine Solution Alcohol and Sugar Free,Lamivudine,10,mg/ml,SOL,240,1,67.26,0.28,03/20/2014 12:00:00 AM,Generic
Adcock Ingram Limited,27/20.2.6/0562,S4,Sabax Metronidazole 500Mg/100Ml,Metronidazole ,5,mg/100ml,INF,100,1,12.64,0.13,04/30/2014 12:00:00 AM,Originator
Adcock Ingram Limited,27/20.2.6/0562,S4,Sabax Metronidazole 500Mg/100Ml,Metronidazole ,5,mg/100ml,INF,100,50,631.78,0.13,04/30/2014 12:00:00 AM,Originator
Adcock Ingram Limited,E1706 (OM),S2,Biskapect ,Bismuth carbonate,200,g/30ml,SUS,100,,5.05,0.05,03/20/2014 12:00:00 AM,Originator
,,,,Kaolin,8,g/30ml,,,,,,,
,,,,Pectin,250,g/30ml,,,,,,,
Adcock Ingram Limited,41/20.2.8/0929,S4,Adco-Efavirenz 600mg,Efavirenz,600,mg,TAB,30,1,106.62,3.55,03/20/2014 12:00:00 AM,Generic
Adcock Ingram Limited,A39/7.1.3/0442,S3,Lepitrin 50 Mg,Losartan Potassium,50,mg,TAB,30,1,42.99,1.43,03/20/2014 12:00:00 AM,Generic
Adcock Ingram Limited,41/2.5/0149,S3,ADCO TOPIRAMATE TABLETS 25mg,Topiramate,25,mg,TAB,60,1,122.6,2.04,04/11/2014 12:00:00 AM,Generic
Adcock Ingram Limited,41/2.5/0150,S3,ADCO TOPIRAMATE TABLETS 50mg,Topiramate,50,mg,TAB,60,1,235.6,3.93,04/11/2014 12:00:00 AM,Generic
Adcock Ingram Limited,41/2.5/0151,S3,ADCO TOPIRAMATE TABLETS 100mg,Topiramate,100,mg,TAB,60,1,359.9,6,04/11/2014 12:00:00 AM,Generic
Adcock Ingram Limited,41/2.5/0152,S3,ADCO TOPIRAMATE TABLETS 200mg,Topiramate,200,mg,TAB,60,1,685.9,11.43,04/11/2014 12:00:00 AM,Generic
Adcock Ingram Limited,29/34/0325,S3,Sabax Dianeal Normal Calcium with 1.5% Glucose,Calcium Chloride,182.83,mg/1000ml,DIA,5000,1,101.56,0.02,04/30/2014 12:00:00 AM,Originator
,,,,Glucose,15,g/1000ml,,,,,,,
,,,,Magnesium chloride,0.0508,g/1000ml,,,,,,,
,,,,Sodium chloride,5.38,g/1000ml,,,,,,,
,,,,Sodium lactate,4.48,g/1000ml,,,,,,,
Adcock Ingram Limited,29/34/0325,S3,Sabax Dianeal Normal Calcium with 1.5% Glucose,Calcium Chloride,182.83,mg/1000ml,DIA,5000,2,189.12,0.02,04/30/2014 12:00:00 AM,Originator
,,,,Sodium chloride,5.38,g/1000ml,,,,,,,
,,,,Sodium lactate,4.48,g/1000ml,,,,,,,
,,,,Calcium chloride,0.183,g/1000ml,,,,,,,
,,,,Magnesium chloride,0.0508,g/1000ml,,,,,,,
Adcock Ingram Limited,29/34/0326,S3,Sabax Dianeal Normal Calcium 2.5% Glucose 5L,Glucose,25,g/1000ml,DIA,1,,95.99,,04/30/2014 12:00:00 AM,Originator
,,,,Sodium chloride,5.38,g/1000ml,,,,,,,
,,,,Sodium lactate,4.48,g/1000ml,,,,,,,
,,,,Calcium chloride,0.183,g/1000ml,,,,,,,
,,,,Magnesium chloride,0.0508,g/1000ml,,,,,,,
Adcock Ingram Limited,29/34/0326,S3,Sabax Dianeal Normal Calcium 2.5% Glucose 5L,Glucose,25,g/1000ml,DIA,2,,178.75,,04/30/2014 12:00:00 AM,Originator
,,,,Sodium chloride,5.38,g/1000ml,,,,,,,
,,,,Sodium lactate,4.48,g/1000ml,,,,,,,
,,,,Calcium chloride,0.183,g/1000ml,,,,,,,
,,,,Magnesium chloride,0.0508,g/1000ml,,,,,,,
Adcock Ingram Limited,G/10.1/1110,S2,Broncleer Children'S Cough Syrup,Ammonium Chloride ,137,mg/5ml,SYR,100,1,18.78,0.19,03/20/2014 12:00:00 AM,Generic
,,,,Diphenhydramine Hydrochloride,14.07,mg/5ml,,,,,,,
,,,,Sodium citrate ,57,mg/5ml,,,,,,,
Adcock Ingram Limited,41/5.7.1/0133,S2,Fexaway 120,Fexofenadine Hydrochloride,120,mg,TAB,10,1,37.25,3.72,03/20/2014 12:00:00 AM,Originator
Adcock Ingram Limited,41/5.7.1/0134,S2,Fexaway 180,Fexofenadine Hydrochloride,180,mg,TAB,30,1,148.18,4.94,03/20/2014 12:00:00 AM,Originator
Adcock Ingram Limited,B1242,S6,Sabax Morphine 1ml,Morphine Sulphate,10,mg/ml,INJ,1,,48.7,48.7,04/30/2014 12:00:00 AM,Originator
Adcock Ingram Limited,B1243,S6,Sabax Morphine 1ml,Morphine Sulphate,15,mg/ml,INJ,1,,53.94,53.94,04/30/2014 12:00:00 AM,Originator
Adcock Ingram Limited,41/18/0300,S4,Fosrenol 500Mg,Lanthanum Carbonate Hydrate,500,mg,TAB,90,1,1617.42,17.97,04/30/2014 12:00:00 AM,Originator
Adcock Ingram Limited,41/18/0301,S4,Fosrenol 750Mg,Lanthanum Carbonate Hydrate,750,mg,TAB,90,1,2429.55,26.99,04/30/2014 12:00:00 AM,Originator
Adcock Ingram Limited,G/18.1/94,S3,Burinex 1 Mg,Bumetanide,1,mg,TAB,100,1,457.31,4.57,03/20/2014 12:00:00 AM,Originator
Adcock Ingram Limited,A40/2.2/0569,S5,Sabax Midazolam Injection 5mg/5ml,Midazolam ,1,mg/ml,INJ,10,,164.81,3.3,04/30/2014 12:00:00 AM,
Adcock Ingram Limited,A40/2.2/0570,S5,Sabax Midazolam Injection 15mg/3mll,Midazolam ,15,mg/3ml,INJ,10,,299.64,9.99,04/30/2014 12:00:00 AM,Originator
Adcock Ingram Limited,A40/2.2/0571,S5,Sabax Midazolam Injection 50mg/10ml,Midazolam ,50,mg/10ml,INJ,10,,1288.3,12.88,04/30/2014 12:00:00 AM,Originator
Adcock Ingram Limited,A40/8.2/0673,S3,Plagrol,Clopidogrel,75,mg,TAB,30,1,74.07,2.47,03/20/2014 12:00:00 AM,Generic
Adcock Ingram Limited,G1796 (OM),S2,Calasthetic ,Benzocaine,279.4,mg/10g,CRE,35,1,31.19,0.89,03/20/2014 12:00:00 AM,Originator
,,,,Calamine,1200,mg/10g,,,,,,,
,,,,Pheniramine,10.2,mg/10g,,,,,,,
,,,,Phenol,25.3,mg/10g,,,,,,,
Adcock Ingram Limited,H/8.2/289,S4,Calciparine 0.2ml  ,Heparin,25000,iu,INJ,10,,313.09,31.31,03/20/2014 12:00:00 AM,Originator
Adcock Ingram Limited,37/34/0584,S3,"Physioneal 40 Glucose 1.36% w/v 13,6MG/ML",Anhydrous Glucose,37.5,g/1000 ml,SOL,2000,1,121.54,0.06,04/30/2014 12:00:00 AM,Originator
,,,,Calcium chloride,0.507,g/1000 ml,,,,,,,
,,,,Magnesium chloride,0.14,g/1000 ml,,,,,,,
Adcock Ingram Limited,37/34/0584,S3,"Physioneal 40 Glucose 1.36% w/v 13,6MG/ML",Anhydrous Glucose,37.5,g/1000 ml,SOL,2000,4,522.14,0.07,04/30/2014 12:00:00 AM,Originator
,,,,Sodium chloride,8.43,g/ml,,,,,,,
,,,,Sodium bicarbonate,3.29,g/ml,,,,,,,
Adcock Ingram Limited,A39/6.2/0321,S4,Adcorone 150mg/3ml,Amiodarone Hydrochloride 150mg/3ml,50,mg/ml,INJ,3,,482.54,,04/30/2014 12:00:00 AM,Originator
Adcock Ingram Limited,B/2.9/1251,S6,Sabax Pethidine Hydrochloride 50mg,Pethidine,50,mg/ml,INJ,1,,34.51,34.51,04/30/2014 12:00:00 AM,Originator
Adcock Ingram Limited,B/2.9/1251,S6,Sabax Pethidine 50mg,Pethidine,50,mg/ml,INJ,10,,33.78,3.38,03/20/2014 12:00:00 AM,Originator
,,,,Phosphoric Acid,367,g/1000ml,,,,,,,
,,,,Glucose,110,g/1000ml,,,,,,,
,,,,Magnesium chloride,102,g/1000ml,,,,,,,
,,,,Sodium lactate,2.24,g/1000ml,,,,,,,
,,,,Potassium chloride,1.12,g/1000ml,,,,,,,
,,,,Magnesium chloride,150,g/1000ml,,,,,,,
,,,,Glucose,15,g/1000ml,,,,,,,
,,,,Sodium chloride,5.6,g/1000ml,,,,,,,
,,,,Sodium lactate,5,g/1000ml,,,,,,,
Adcock Ingram Limited,B/2.9/1634,S6,Sabax Pethidine Hydrochloride 100mg,Pethidine,50,mg/ml,INJ,2,,7.41,3.71,04/30/2014 12:00:00 AM,Originator
Adcock Ingram Limited,A40/5.10/0572,S4,Sabax Ondansetron injection 4mg/2ml,Ondansetron (as hydrochloride),2,mg/ml,INJ,10,,231,11.55,04/30/2014 12:00:00 AM,Generic
Adcock Ingram Limited,A40/5.10/0573,S4,Sabax Ondansetron injection 8mg/4ml,Ondansetron (as hydrochloride),2,mg/ml,INJ,10,,462.01,11.55,04/30/2014 12:00:00 AM,Generic
Adcock Ingram Limited,G2752 (OM),S4,Carbocaine L 2% Dental,Levonordefrin,0.09,mg/1.8ml,INJ,1.8,100,600.4,3.34,03/20/2014 12:00:00 AM,Originator
,,,,Mepivacaine,54,mg/18ml,,,,,,,
Adcock Ingram Limited,G2753 (OM),S4,Carbocaine 3% Dental,Mepivacaine,54,mg/1.8ml,INJ,1.8,100,600.4,3.34,03/20/2014 12:00:00 AM,Originator
Adcock Ingram Limited,J/34/396,S1,Sabax Pour Saline 0.9% 1000Ml,Sodium Chloride,9,g/1000ml,SOL,1000,1,12.72,0.01,04/30/2014 12:00:00 AM,Originator
Adcock Ingram Limited,J/34/396,S1,Sabax Pour Saline 0.9% (1000Ml),Sodium Chloride,9,g/1000ml,SOL,1000,10,127.16,0.01,04/30/2014 12:00:00 AM,Originator
Adcock Ingram Limited,J/34/395,S1,Sabax Pour Water,Water for Injections,1000,ml/1000ml,SOL,1000,1,11.28,0.01,04/30/2014 12:00:00 AM,Originator
Adcock Ingram Limited,41/5.7.2/1079,S4,Adco Granisetron 1 Mg/1 Ml,Granisetron Hydrochloride Equivalent to Granisetron,1,mg/ml,INJ,1,5,188.83,37.77,04/30/2014 12:00:00 AM,Generic
Adcock Ingram Limited,41/5.7.2/1080,S4,Adco Granisetron 3 Mg/3 Ml,Granisetron Hydrochloride Equivalent to Granisetron,3,mg/3ml,INJ,3,5,566.49,37.77,04/30/2014 12:00:00 AM,Generic
Adcock Ingram Limited,42/20.2.8/0981,S4,Adco Efavirenz 200mg,Efavirenz,200,mg,CAP,90,1,198,2.2,04/30/2014 12:00:00 AM,Generic
Adcock Ingram Limited,H/16.3/123,S1,Cepacol Plus Original Lozenges,Benzocaine,10,mg,LOZ,16,1,34.74,2.17,03/20/2014 12:00:00 AM,Originator
,,,,Cetylpyridinium chloride,1.4,mg,,,,,,,
Adcock Ingram Limited,G637 (OM),S2,Cepacol Linctus,Cetylpyridinium,2.5,mg/10ml,SYR,100,1,29.18,0.29,03/20/2014 12:00:00 AM,Originator
,,,,Dextromethorphan,30,mg/10ml,,,,,,,
,,,,Doxylamine,6,mg/10ml,,,,,,,
,,,,Sodium citrate,500,mg/10ml,,,,,,,
Adcock Ingram Limited,A39/25.2/0275,S3,Oliclinomel N8-800,Amino acids solution compartment ,12,%/bag,INF,2000,1,1661.36,0.83,04/30/2014 12:00:00 AM,Originator 
,,,,L-alanine,20.7,g/1000ml,,,,,,,
,,,,L-arginine,11.5,g/1000ml,,,,,,,
,,,,Glycine,10.3,g/1000ml,,,,,,,
,,,,L-histidine,4.8,g/1000ml,,,,,,,
,,,,L-isoleucine,6,g/1000ml,,,,,,,
,,,,L-leucine,7.3,g/1000ml,,,,,,,
,,,,L-lysine,5.8,g/1000ml,,,,,,,
,,,,L-methionine,4,g/1000ml,,,,,,,
,,,,L-phenylalanine,5.6,g/1000ml,,,,,,,
,,,,L-proline,6.8,g/1000ml,,,,,,,
,,,,L-serine,5,g/1000ml,,,,,,,
,,,,L-threonine,4.2,g/1000ml,,,,,,,
,,,,L-tryptophan,1.8,g/1000ml,,,,,,,
,,,,L-tyrosine,0.4,g/1000ml,,,,,,,
,,,,L-valine,5.8,g/1000ml,,,,,,,
,,,,Glucose monohydrate,312.5,g/1000ml,,,,,,,
,,,,refined soya-bean oil + Refined olive oil,150,g/1000ml,,,,,,,
Adcock Ingram Limited,A39/25.2/0275,S3,Oliclinomel N8-800,Amino acids solution compartment ,12,%/bag,INF,2000,4,6634.66,0.83,04/30/2014 12:00:00 AM,Originator
,,,,L-alanine,20.7,g/1000ml,,,,,,,
,,,,L-arginine,11.5,g/1000ml,,,,,,,
,,,,Glycine,10.3,g/1000ml,,,,,,,
,,,,L-histidine,4.8,g/1000ml,,,,,,,
,,,,L-isoleucine,6,g/1000ml,,,,,,,
,,,,L-leucine,7.3,g/1000ml,,,,,,,
,,,,L-lysine,5.8,g/1000ml,,,,,,,
,,,,L-methionine,4,g/1000ml,,,,,,,
,,,,L-phenylalanine,5.6,g/1000ml,,,,,,,
,,,,L-proline,6.8,g/1000ml,,,,,,,
,,,,L-serine,5,g/1000ml,,,,,,,
,,,,L-threonine,4.2,g/1000ml,,,,,,,
,,,,L-tryptophan,1.8,g/1000ml,,,,,,,
,,,,L-tyrosine,0.4,g/1000ml,,,,,,,
,,,,L-valine,5.8,g/1000ml,,,,,,,
,,,,Glucose monohydrate,312.5,g/1000ml,,,,,,,
,,,,refined soya-bean oil + Refined olive oil,150,g/1000ml,,,,,,,
Adcock Ingram Limited,41/8.4/0602,S3,Vitahes 500Ml,Hydroxyethyl Starch 130/0.42,60,g/1000ml,INF,500,1,214.42,0.43,04/30/2014 12:00:00 AM,Originator
Adcock Ingram Limited,41/8.4/0602,S3,Vitahes 500Ml,Hydroxyethyl Starch 130/0.42,60,g/1000ml,INF,500,1,191.81,0.38,04/30/2014 12:00:00 AM,Originator
Adcock Ingram Limited,41/8.4/0603,S3,Vitafusal (500ml),Hydroxyethyl Starch 130/0.42,60,g/1000ml,INF,500,10,1553.91,0.31,04/30/2014 12:00:00 AM,Originator
Adcock Ingram Limited,41/8.4/0603,S3,Vitafusal 500Ml,Hydroxyethyl Starch 130/0.42,60,g/1000ml,INF,500,1,210.01,0.42,04/30/2014 12:00:00 AM,Originator
Adcock Ingram Limited,H1301 (OM),S4,Chlorcol ,Chloramphenicol,10,mg/g,EYO,3.5,1,6.55,1.87,03/20/2014 12:00:00 AM,Originator
Adcock Ingram Limited,E1148 (OM),S2,Chloropect ,Bismuth Carbonate,600,ml/15ml,SUS,100,1,26.7,0.27,03/20/2014 12:00:00 AM,Originator
,,,,Chlorodyne,0.5,ml/15ml,,,,,,,
,,,,Kaolin,3,ml/15ml,,,,,,,
,,,,Pectin,45,ml/15ml,,,,,,,
Adcock Ingram Limited, 31/20.2.8/0549,S1,Beta-Vira Topical Cream,Acyclovir,5,mg/g,CRE,2,1,19.1,9.55,03/20/2014 12:00:00 AM,Generic
Adcock Ingram Limited,A557 (OM),S4,Chlorcol  250Mg ,Chloramphenicol,250,mg,CAP,1000,1,539.46,0.54,03/20/2014 12:00:00 AM,Originator
Adcock Ingram Limited,37/5.8/0552,S2,Corenza Cold And Flu Syrup,Pseudoephedrine Hydrochloride,15,mg/5ml,SYR,50,1,18.24,0.36,03/20/2014 12:00:00 AM,Originator
,,,,Chlorpheniramine maleate,2,mg/5ml,,,,,,,
,,,,Paracetamol ,120,mg/5ml,,,,,,,
Adcock Ingram Limited,37/5.8/0552,S2,Corenza Cold And Flu Syrup,Pseudoephedrine Hydrochloride,15,mg/5ml,SYR,100,1,36.49,0.36,03/20/2014 12:00:00 AM,Originator
Adcock Ingram Limited,H1745 (OM),S4,Clomid 50Mg ,Clomifene,50,mg,TAB,5,1,84.3,16.86,03/20/2014 12:00:00 AM,Originator
Adcock Ingram Limited,G 894 (OM),S2,Cocc.Co.Syrup (Vern.Pp),Cocillana,0.075,ml,SYR,100,1,4.15,0.04,03/20/2014 12:00:00 AM,Originator
,,,,Liquid extract of squill,0.075,ml,,,,,,,
,,,,Menthol,0.5,ml,,,,,,,
,,,,Sulfamethoxazole,200,ml,,,,,,,
Adcock Ingram Limited,A40/26/0544,S4,Ebetaxel 30Mg        (5Ml),Paclitaxel,30,mg/5ml,INF,5,1,663.61,132.72,03/20/2014 12:00:00 AM,Generic
Adcock Ingram Limited,A40/26/0545,S4,Ebetaxel 100Mg          (16.6Ml),Paclitaxel,100,mg/16.6ml,INF,16.6,1,2203.17,132.72,03/20/2014 12:00:00 AM,Generic
Adcock Ingram Limited,A40/26/0546,S4,Ebetaxel 150Mg      (25Ml),Paclitaxel,150,mg/25ml,INF,25,1,3318.04,132.72,03/20/2014 12:00:00 AM,Generic
Adcock Ingram Limited,A40/26/0547,S4,Ebetaxel 300Mg        (50Ml)       ,Paclitaxel,300,mg/50ml      ,INF,50,1,6636.07,132.72,03/20/2014 12:00:00 AM,Generic
Adcock Ingram Limited,41/11.3/0180,S5,Leatil Capsules 10 Mg,Sibutramine Hydrochloride Monohydrate ,10,mg,CAP,30,1,117.33,3.91,03/20/2014 12:00:00 AM,Generic
Adcock Ingram Limited,41/11.3/0153,S5,Leantil Capsules 15Mg,Sibutramine Hydrochloride Monohydrate,15,mg,CAP,30,1,136.88,4.56,03/20/2014 12:00:00 AM,Generic
,,,,Paracetamol ,400,mg,,,,,,,
,,,, Codeine phosphate ,8,mg,,,,,,,
Adcock Ingram Limited,D/5.8/54,S2,Colcaps ,Codeine,5,mg,SYR,100,1,39.08,0.39,03/20/2014 12:00:00 AM,Originator
,,,,Paracetamol,120,mg,,,,,,,
,,,,Promethazine,6.5,mg,,,,,,,
,,,,Pseudoephedrine,25,mg,,,,,,,
Adcock Ingram Limited,A39/16.1/0211,S1,Nazene Adult Nasal Metered Spray,Oxymetazoline Hydrochloride,0.5,mg/1ml,SPR,10,1,38.09,3.81,03/20/2014 12:00:00 AM,Generic
Adcock Ingram Limited,C810 (OM),S2,Colcleer,Caffeine,20,mg,TAB,1000,1,147.8,0.15,03/20/2014 12:00:00 AM,Originator
,,,,Chlorphenamine,2,mg,,,,,,,
,,,,Ephedrine,6,mg,,,,,,,
,,,,Paracetamol,200,mg,,,,,,,
Adcock Ingram Limited,C 810 (OM),S2,Colcleer,Chlorpheniramine Maleate ,2,mg,TAB,120,1,17.73,0.15,03/20/2014 12:00:00 AM,Originator
,,,,Ephedrine HCl ,6,mg,,,,,,,
,,,,Paracetamol ,200,mg,,,,,,,
,,,, Caffeine ,20,mg,,,,,,,
Adcock Ingram Limited,44/20.2.8/0294,S4,Adco Lamivudine 300mg Tablets,Lamivudine,300,mg,TAB,30,1,73.8,2.46,04/30/2014 12:00:00 AM,Generic
Adcock Ingram Limited,43/20.2.8/0386,S4,Adco Abacavir Tablets,Abacavir,300,mg,TAB,60,1,588.94,9.82,03/20/2014 12:00:00 AM,Generic
Adcock Ingram Limited,G1220 (OM),S2,Colphen ,Cetylpyridinium,2,mg,SYR,100,1,16.56,0.17,03/20/2014 12:00:00 AM,Originator
,,,,Chlorphenamine,2,mg,,,,,,,
,,,,Codeine,5,mg,,,,,,,
,,,,Guaifenesin,25,mg,,,,,,,
,,,,Phenylephrine,2,mg,,,,,,,
,,,,Sodium salicylate,150,mg,,,,,,,
Adcock Ingram Limited,42/20.2.8/0979,S4,Adco Efavirenz 50 mg,Efavirenz,50,mg,CAP,30,1,22.2,0.74,04/30/2014 12:00:00 AM,Generic
Adcock Ingram Limited,K/11.2/49,S4,Adco Contromet Tablet,Metoclopramide Monohydrohloride,10,mg,TAB,500,1,56.91,0.11,03/20/2014 12:00:00 AM,Generic
Adcock Ingram Limited,44/20.2.8/0106,S4,Adco Lamivudine and Zidovudine 150/300,Lamivudine,150,mg,TAB,60,,187.97,3.13,03/20/2014 12:00:00 AM,Generic
,,,,ZIDOVUDINE ,300,mg,,,,,,,
Adcock Ingram Limited,44/20.2.8/0332,S4,Adco Tenofovir 300mg, Tenofovir disoproxil,300,mg,TAB,30,1,124.84,4.16,03/20/2014 12:00:00 AM,Generic
Adcock Ingram Limited,44/20.2.8/0835,S4,Adco Emtevir,Emtricitabine,200,mg,TAB,60,1,468,7.8,04/30/2014 12:00:00 AM,Generic
,,,,Tenofovir disoproxil fumarate,300,mg,,,,,,,
Adcock Ingram Limited,44/20.2.8/0835,S4,Adco Emtevir,Emtricitabine,200,mg,TAB,30,1,234,7.8,04/30/2014 12:00:00 AM,Generic
,,,,Tenofovir disoproxil fumarate,300,mg,,,,,,,
Adcock Ingram Limited,G1032 (OM),S2,Corbar Linctus ,Chlorphenamine,2,mg,SYR,100,1,34.2,0.34,03/20/2014 12:00:00 AM,Originator
,,,,Cocillana,5,mg,,,,,,,
,,,,Codeine,10,mg,,,,,,,
,,,,Ephedrine,20,mg,,,,,,,
,,,,Guaifenesin,100,mg,,,,,,,
Adcock Ingram Limited,C661 (OM),S2,Corbar Linctus ,Chlorphenamine,2,mg,SYR,200,1,68.41,0.34,03/20/2014 12:00:00 AM,Originator
,,,,Cocillana,5,mg,,,,,,,
,,,,Codeine,10,mg,,,,,,,
,,,,Ephedrine,20,mg,,,,,,,
,,,,Guaifenesin,100,mg,,,,,,,
Adcock Ingram Limited,C661 (OM),S2,Corenza C,Acetylsalicylic Acid,500,mg,TAB,10,1,44.22,4.42,03/20/2014 12:00:00 AM,Originator
,,,,Ascorbic acid (vit C),500,mg,,,,,,,
,,,,N-amidino-4-morpholincarboxamidine(ABOB),100,mg,,,,,,,
,,,,Phenylephrine,7.5,mg,,,,,,,
Adcock Ingram Limited,C661 (OM),S2,Corenza C,Acetylsalicylic Acid,500,mg,TAB,20,1,88.47,4.42,03/20/2014 12:00:00 AM,Originator
,,,,Ascorbic acid (vit C),500,mg,,,,,,,
,,,,Chlorphenamine,2,mg,,,,,,,
,,,,N-amidino-4-morpholincarboxamidine(ABOB),100,mg,,,,,,,
,,,,Phenylephrine,7.5,mg,,,,,,,
,,,,Thiamine (vit B1),5,mg,,,,,,,
Adcock Ingram Limited,36/2.9/0199,S2,Mypaid Night Pain,Diphenhydramine Hydrochloride,25,mg,TAB,20,1,45.74,2.29,03/20/2014 12:00:00 AM,Originator
,,,,Paracetamol,500,mg,,,,,,,
Adcock Ingram Limited,38/21.5.1/0125,S4,Adco Prednisolone Syrup,Prednisolone,15,mg/5ml,SYR,50,1,32.59,0.65,03/20/2014 12:00:00 AM,Originator
Adcock Ingram Limited,35/2.8/0070,S2,Panado Plus,Ibuprofen ,200,mg,CAP,20,1,30.63,1.53,03/20/2014 12:00:00 AM,Generic
,,,,Paracetemol,250,mg,,,,,,,
Adcock Ingram Limited,35/2.8/0070,S2,Panado Plus,Ibuprofen ,200,mg,CAP,50,1,76.58,1.53,03/20/2014 12:00:00 AM,Generic
,,,,Paracetemol,250,mg,,,,,,,
Adcock Ingram Limited,H1474 (OM),S2,Covancaine ,Benzocaine,10,mg,EAR,20,1,38.3,1.91,03/20/2014 12:00:00 AM,Originator
,,,,Carbamide,120,mg,,,,,,,
,,,,Phenazone,50,mg,,,,,,,
,,,,Sulfacetamide,100,mg,,,,,,,
Adcock Ingram Limited,H1237 (OM),S4,Covomycin D ,Chloramphenicol,2,mg/ml,EEN,7.5,1,103.09,13.74,03/20/2014 12:00:00 AM,Originator
,,,,Dexamethasone,0.5,mg,,,,,,,
,,,,Neomycin,5,mg,,,,,,,
Adcock Ingram Limited,H1236 (OM),S4,Covomycin ,Chloramphenicol,2,mg/ml,EEN,7.5,1,89.13,11.88,03/20/2014 12:00:00 AM,Originator
,,,,Naphazoline,0.5,mg,,,,,,,
,,,,Neomycin,5,mg,,,,,,,
Adcock Ingram Limited,F/15.4/10,S4,Covostet ,Amethocaine Hydrochloride,0.5,g/100ml,EAR,15,1,115.56,7.7,03/20/2014 12:00:00 AM,Originator
Adcock Ingram Limited,H2965 (OM),S3,Covochol,Acetylcholine,40,mg,OPD,2,1,257.58,128.79,03/20/2014 12:00:00 AM,Originator
,,,,Mannitol,200,mg,,,,,,,
Adcock Ingram Limited,U/21.5.1/211,S4,Covocort ,Hydrocortisone,10,mg,TAB,100,1,127.84,1.28,03/20/2014 12:00:00 AM,Originator
Adcock Ingram Limited,41/2.11/0255,S6,Adco Tenyl 25µg/h,Fentanyl,25,µg/h,PTD,5,1,366.5,73.3,03/20/2014 12:00:00 AM,Generic
Adcock Ingram Limited,41/2.11/0256,S6,Adco Tenyl 50µg/h,Fentanyl,50,µg/h,PTD,5,1,606.71,121.34,03/20/2014 12:00:00 AM,Generic
Adcock Ingram Limited,41/2.11/0257,S6,Adco Tenyl 75µg/h,Fentanyl,75,µg/h,PTD,5,1,835.73,167.15,03/20/2014 12:00:00 AM,Generic
