GHO (CODE),GHO (DISPLAY),GHO (URL),PUBLISHSTATE (CODE),PUBLISHSTATE (DISPLAY),PUBLISHSTATE (URL),YEAR (CODE),YEAR (DISPLAY),YEAR (URL),REGION (CODE),REGION (DISPLAY),REGION (URL),COUNTRY (CODE),STARTYEAR,ENDYEAR,COUNTRY (DISPLAY),COUNTRY (URL),Display Value,Numeric,Low,High,StdErr,StdDev,Comments
#indicator+code,#indicator+name,#indicator+url,#status+code,#status+name,,,#date+year,,#region+code,#region+name,,#country+code,#date+year+start,#date+year+end,#country+name,,,#indicator+value+num,,,,,
MALARIA_EST_CASES,Estimated number of malaria cases,https://www.who.int/data/gho/indicator-metadata-registry/imr-details/2971,PUBLISHED,Published,,2000,2000,,AFR,Africa,,ZAF,2000,2000,South Africa,,18 064 [ 13 000- 26 000],18064.00000,13000.00000,26000.00000,,,
MALARIA_EST_CASES,Estimated number of malaria cases,https://www.who.int/data/gho/indicator-metadata-registry/imr-details/2971,PUBLISHED,Published,,2001,2001,,AFR,Africa,,ZAF,2001,2001,South Africa,,26506,26506.00000,,,,,
MALARIA_EST_CASES,Estimated number of malaria cases,https://www.who.int/data/gho/indicator-metadata-registry/imr-details/2971,PUBLISHED,Published,,2002,2002,,AFR,Africa,,ZAF,2002,2002,South Africa,,15649,15649.00000,,,,,
MALARIA_EST_CASES,Estimated number of malaria cases,https://www.who.int/data/gho/indicator-metadata-registry/imr-details/2971,PUBLISHED,Published,,2003,2003,,AFR,Africa,,ZAF,2003,2003,South Africa,,13459,13459.00000,,,,,
MALARIA_EST_CASES,Estimated number of malaria cases,https://www.who.int/data/gho/indicator-metadata-registry/imr-details/2971,PUBLISHED,Published,,2004,2004,,AFR,Africa,,ZAF,2004,2004,South Africa,,13399,13399.00000,,,,,
MALARIA_EST_CASES,Estimated number of malaria cases,https://www.who.int/data/gho/indicator-metadata-registry/imr-details/2971,PUBLISHED,Published,,2005,2005,,AFR,Africa,,ZAF,2005,2005,South Africa,,7755,7755.00000,,,,,
MALARIA_EST_CASES,Estimated number of malaria cases,https://www.who.int/data/gho/indicator-metadata-registry/imr-details/2971,PUBLISHED,Published,,2006,2006,,AFR,Africa,,ZAF,2006,2006,South Africa,,12098,12098.00000,,,,,
MALARIA_EST_CASES,Estimated number of malaria cases,https://www.who.int/data/gho/indicator-metadata-registry/imr-details/2971,PUBLISHED,Published,,2007,2007,,AFR,Africa,,ZAF,2007,2007,South Africa,,6327,6327.00000,,,,,
MALARIA_EST_CASES,Estimated number of malaria cases,https://www.who.int/data/gho/indicator-metadata-registry/imr-details/2971,PUBLISHED,Published,,2008,2008,,AFR,Africa,,ZAF,2008,2008,South Africa,,7796,7796.00000,,,,,
MALARIA_EST_CASES,Estimated number of malaria cases,https://www.who.int/data/gho/indicator-metadata-registry/imr-details/2971,PUBLISHED,Published,,2009,2009,,AFR,Africa,,ZAF,2009,2009,South Africa,,6072,6072.00000,,,,,
MALARIA_EST_CASES,Estimated number of malaria cases,https://www.who.int/data/gho/indicator-metadata-registry/imr-details/2971,PUBLISHED,Published,,2010,2010,,AFR,Africa,,ZAF,2010,2010,South Africa,,8060,8060.00000,,,,,
MALARIA_EST_CASES,Estimated number of malaria cases,https://www.who.int/data/gho/indicator-metadata-registry/imr-details/2971,PUBLISHED,Published,,2011,2011,,AFR,Africa,,ZAF,2011,2011,South Africa,,9866,9866.00000,,,,,
MALARIA_EST_CASES,Estimated number of malaria cases,https://www.who.int/data/gho/indicator-metadata-registry/imr-details/2971,PUBLISHED,Published,,2012,2012,,AFR,Africa,,ZAF,2012,2012,South Africa,,6621,6621.00000,,,,,
MALARIA_EST_CASES,Estimated number of malaria cases,https://www.who.int/data/gho/indicator-metadata-registry/imr-details/2971,PUBLISHED,Published,,2013,2013,,AFR,Africa,,ZAF,2013,2013,South Africa,,8645,8645.00000,,,,,
MALARIA_EST_CASES,Estimated number of malaria cases,https://www.who.int/data/gho/indicator-metadata-registry/imr-details/2971,PUBLISHED,Published,,2014,2014,,AFR,Africa,,ZAF,2014,2014,South Africa,,11705,11705.00000,,,,,
MALARIA_EST_CASES,Estimated number of malaria cases,https://www.who.int/data/gho/indicator-metadata-registry/imr-details/2971,PUBLISHED,Published,,2015,2015,,AFR,Africa,,ZAF,2015,2015,South Africa,,4959,4959.00000,,,,,
MALARIA_EST_CASES,Estimated number of malaria cases,https://www.who.int/data/gho/indicator-metadata-registry/imr-details/2971,PUBLISHED,Published,,2016,2016,,AFR,Africa,,ZAF,2016,2016,South Africa,,4323,4323.00000,,,,,
MALARIA_EST_CASES,Estimated number of malaria cases,https://www.who.int/data/gho/indicator-metadata-registry/imr-details/2971,PUBLISHED,Published,,2017,2017,,AFR,Africa,,ZAF,2017,2017,South Africa,,22517,22517.00000,,,,,
MALARIA_EST_CASES,Estimated number of malaria cases,https://www.who.int/data/gho/indicator-metadata-registry/imr-details/2971,PUBLISHED,Published,,2018,2018,,AFR,Africa,,ZAF,2018,2018,South Africa,,9540,9540.00000,,,,,
MALARIA_EST_CASES,Estimated number of malaria cases,https://www.who.int/data/gho/indicator-metadata-registry/imr-details/2971,PUBLISHED,Published,,2019,2019,,AFR,Africa,,ZAF,2019,2019,South Africa,,3096,3096.00000,,,,,
MALARIA_EST_CASES,Estimated number of malaria cases,https://www.who.int/data/gho/indicator-metadata-registry/imr-details/2971,PUBLISHED,Published,,2020,2020,,AFR,Africa,,ZAF,2020,2020,South Africa,,4463,4463.00000,,,,,
MALARIA_EST_DEATHS,Estimated number of malaria deaths,https://www.who.int/data/gho/indicator-metadata-registry/imr-details/4650,PUBLISHED,Published,,2000,2000,,AFR,Africa,,ZAF,2000,2000,South Africa,,424,424.00000,,,,,
MALARIA_EST_DEATHS,Estimated number of malaria deaths,https://www.who.int/data/gho/indicator-metadata-registry/imr-details/4650,PUBLISHED,Published,,2001,2001,,AFR,Africa,,ZAF,2001,2001,South Africa,,81,81.00000,,,,,
MALARIA_EST_DEATHS,Estimated number of malaria deaths,https://www.who.int/data/gho/indicator-metadata-registry/imr-details/4650,PUBLISHED,Published,,2002,2002,,AFR,Africa,,ZAF,2002,2002,South Africa,,96,96.00000,,,,,
MALARIA_EST_DEATHS,Estimated number of malaria deaths,https://www.who.int/data/gho/indicator-metadata-registry/imr-details/4650,PUBLISHED,Published,,2003,2003,,AFR,Africa,,ZAF,2003,2003,South Africa,,142,142.00000,,,,,
MALARIA_EST_DEATHS,Estimated number of malaria deaths,https://www.who.int/data/gho/indicator-metadata-registry/imr-details/4650,PUBLISHED,Published,,2004,2004,,AFR,Africa,,ZAF,2004,2004,South Africa,,88,88.00000,,,,,
MALARIA_EST_DEATHS,Estimated number of malaria deaths,https://www.who.int/data/gho/indicator-metadata-registry/imr-details/4650,PUBLISHED,Published,,2005,2005,,AFR,Africa,,ZAF,2005,2005,South Africa,,63,63.00000,,,,,
MALARIA_EST_DEATHS,Estimated number of malaria deaths,https://www.who.int/data/gho/indicator-metadata-registry/imr-details/4650,PUBLISHED,Published,,2006,2006,,AFR,Africa,,ZAF,2006,2006,South Africa,,87,87.00000,,,,,
MALARIA_EST_DEATHS,Estimated number of malaria deaths,https://www.who.int/data/gho/indicator-metadata-registry/imr-details/4650,PUBLISHED,Published,,2007,2007,,AFR,Africa,,ZAF,2007,2007,South Africa,,37,37.00000,,,,,
MALARIA_EST_DEATHS,Estimated number of malaria deaths,https://www.who.int/data/gho/indicator-metadata-registry/imr-details/4650,PUBLISHED,Published,,2008,2008,,AFR,Africa,,ZAF,2008,2008,South Africa,,43,43.00000,,,,,
MALARIA_EST_DEATHS,Estimated number of malaria deaths,https://www.who.int/data/gho/indicator-metadata-registry/imr-details/4650,PUBLISHED,Published,,2009,2009,,AFR,Africa,,ZAF,2009,2009,South Africa,,45,45.00000,,,,,
MALARIA_EST_DEATHS,Estimated number of malaria deaths,https://www.who.int/data/gho/indicator-metadata-registry/imr-details/4650,PUBLISHED,Published,,2010,2010,,AFR,Africa,,ZAF,2010,2010,South Africa,,83,83.00000,,,,,
MALARIA_IRS_COVERAGE,Number of people protected from malaria by indoor residual spraying (IRS),https://www.who.int/data/gho/indicator-metadata-registry/imr-details/2244,PUBLISHED,Published,,2020,2020,,AFR,Africa,,ZAF,2020,2020,South Africa,,1 830 342,1830342.00000,,,,,
MALARIA_IRS_COVERAGE,Number of people protected from malaria by indoor residual spraying (IRS),https://www.who.int/data/gho/indicator-metadata-registry/imr-details/2244,PUBLISHED,Published,,2019,2019,,AFR,Africa,,ZAF,2019,2019,South Africa,,1 477 420,1477420.00000,,,,,
MALARIA_IRS_COVERAGE,Number of people protected from malaria by indoor residual spraying (IRS),https://www.who.int/data/gho/indicator-metadata-registry/imr-details/2244,PUBLISHED,Published,,2018,2018,,AFR,Africa,,ZAF,2018,2018,South Africa,,1 600 747,1600747.00000,,,,,
MALARIA_EST_DEATHS,Estimated number of malaria deaths,https://www.who.int/data/gho/indicator-metadata-registry/imr-details/4650,PUBLISHED,Published,,2011,2011,,AFR,Africa,,ZAF,2011,2011,South Africa,,54,54.00000,,,,,
MALARIA_EST_DEATHS,Estimated number of malaria deaths,https://www.who.int/data/gho/indicator-metadata-registry/imr-details/4650,PUBLISHED,Published,,2012,2012,,AFR,Africa,,ZAF,2012,2012,South Africa,,72,72.00000,,,,,
MALARIA_EST_DEATHS,Estimated number of malaria deaths,https://www.who.int/data/gho/indicator-metadata-registry/imr-details/4650,PUBLISHED,Published,,2013,2013,,AFR,Africa,,ZAF,2013,2013,South Africa,,105,105.00000,,,,,
MALARIA_EST_DEATHS,Estimated number of malaria deaths,https://www.who.int/data/gho/indicator-metadata-registry/imr-details/4650,PUBLISHED,Published,,2014,2014,,AFR,Africa,,ZAF,2014,2014,South Africa,,174,174.00000,,,,,
MALARIA_EST_DEATHS,Estimated number of malaria deaths,https://www.who.int/data/gho/indicator-metadata-registry/imr-details/4650,PUBLISHED,Published,,2015,2015,,AFR,Africa,,ZAF,2015,2015,South Africa,,110,110.00000,,,,,
MALARIA_EST_DEATHS,Estimated number of malaria deaths,https://www.who.int/data/gho/indicator-metadata-registry/imr-details/4650,PUBLISHED,Published,,2016,2016,,AFR,Africa,,ZAF,2016,2016,South Africa,,34,34.00000,,,,,
MALARIA_EST_DEATHS,Estimated number of malaria deaths,https://www.who.int/data/gho/indicator-metadata-registry/imr-details/4650,PUBLISHED,Published,,2017,2017,,AFR,Africa,,ZAF,2017,2017,South Africa,,301,301.00000,,,,,
MALARIA_EST_DEATHS,Estimated number of malaria deaths,https://www.who.int/data/gho/indicator-metadata-registry/imr-details/4650,PUBLISHED,Published,,2018,2018,,AFR,Africa,,ZAF,2018,2018,South Africa,,69,69.00000,,,,,
MALARIA_EST_DEATHS,Estimated number of malaria deaths,https://www.who.int/data/gho/indicator-metadata-registry/imr-details/4650,PUBLISHED,Published,,2019,2019,,AFR,Africa,,ZAF,2019,2019,South Africa,,79,79.00000,,,,,
MALARIA_EST_DEATHS,Estimated number of malaria deaths,https://www.who.int/data/gho/indicator-metadata-registry/imr-details/4650,PUBLISHED,Published,,2020,2020,,AFR,Africa,,ZAF,2020,2020,South Africa,,38,38.00000,,,,,
MALARIA_EST_MORTALITY,Estimated malaria mortality rate (per 100 000 population),https://www.who.int/data/gho/indicator-metadata-registry/imr-details/16,PUBLISHED,Published,,2000,2000,,AFR,Africa,,ZAF,2000,2000,South Africa,,9.4 [9.4-9.4],9.42899,9.42899,9.42899,,,
MALARIA_EST_MORTALITY,Estimated malaria mortality rate (per 100 000 population),https://www.who.int/data/gho/indicator-metadata-registry/imr-details/16,PUBLISHED,Published,,2001,2001,,AFR,Africa,,ZAF,2001,2001,South Africa,,1.8 [1.8-1.8],1.77744,1.77744,1.77744,,,
MALARIA_EST_MORTALITY,Estimated malaria mortality rate (per 100 000 population),https://www.who.int/data/gho/indicator-metadata-registry/imr-details/16,PUBLISHED,Published,,2002,2002,,AFR,Africa,,ZAF,2002,2002,South Africa,,2.1 [2.1-2.1],2.08013,2.08013,2.08013,,,
MALARIA_EST_MORTALITY,Estimated malaria mortality rate (per 100 000 population),https://www.who.int/data/gho/indicator-metadata-registry/imr-details/16,PUBLISHED,Published,,2003,2003,,AFR,Africa,,ZAF,2003,2003,South Africa,,3.0 [3.0-3.0],3.03944,3.03944,3.03944,,,
MALARIA_EST_MORTALITY,Estimated malaria mortality rate (per 100 000 population),https://www.who.int/data/gho/indicator-metadata-registry/imr-details/16,PUBLISHED,Published,,2004,2004,,AFR,Africa,,ZAF,2004,2004,South Africa,,1.9 [1.9-1.9],1.86080,1.86080,1.86080,,,
MALARIA_EST_MORTALITY,Estimated malaria mortality rate (per 100 000 population),https://www.who.int/data/gho/indicator-metadata-registry/imr-details/16,PUBLISHED,Published,,2005,2005,,AFR,Africa,,ZAF,2005,2005,South Africa,,1.3 [1.3-1.3],1.31577,1.31577,1.31577,,,
MALARIA_EST_MORTALITY,Estimated malaria mortality rate (per 100 000 population),https://www.who.int/data/gho/indicator-metadata-registry/imr-details/16,PUBLISHED,Published,,2006,2006,,AFR,Africa,,ZAF,2006,2006,South Africa,,1.8 [1.8-1.8],1.79420,1.79420,1.79420,,,
MALARIA_EST_MORTALITY,Estimated malaria mortality rate (per 100 000 population),https://www.who.int/data/gho/indicator-metadata-registry/imr-details/16,PUBLISHED,Published,,2007,2007,,AFR,Africa,,ZAF,2007,2007,South Africa,,0.8 [0.8-0.8],0.75326,0.75326,0.75326,,,
MALARIA_EST_MORTALITY,Estimated malaria mortality rate (per 100 000 population),https://www.who.int/data/gho/indicator-metadata-registry/imr-details/16,PUBLISHED,Published,,2008,2008,,AFR,Africa,,ZAF,2008,2008,South Africa,,0.9 [0.9-0.9],0.86381,0.86381,0.86381,,,
MALARIA_EST_MORTALITY,Estimated malaria mortality rate (per 100 000 population),https://www.who.int/data/gho/indicator-metadata-registry/imr-details/16,PUBLISHED,Published,,2009,2009,,AFR,Africa,,ZAF,2009,2009,South Africa,,0.9 [0.9-0.9],0.89149,0.89149,0.89149,,,
MALARIA_EST_MORTALITY,Estimated malaria mortality rate (per 100 000 population),https://www.who.int/data/gho/indicator-metadata-registry/imr-details/16,PUBLISHED,Published,,2010,2010,,AFR,Africa,,ZAF,2010,2010,South Africa,,1.6 [1.6-1.6],1.62056,1.62056,1.62056,,,
MALARIA_EST_MORTALITY,Estimated malaria mortality rate (per 100 000 population),https://www.who.int/data/gho/indicator-metadata-registry/imr-details/16,PUBLISHED,Published,,2011,2011,,AFR,Africa,,ZAF,2011,2011,South Africa,,1.0 [1.0-1.0],1.03839,1.03839,1.03839,,,
MALARIA_EST_MORTALITY,Estimated malaria mortality rate (per 100 000 population),https://www.who.int/data/gho/indicator-metadata-registry/imr-details/16,PUBLISHED,Published,,2012,2012,,AFR,Africa,,ZAF,2012,2012,South Africa,,1.4 [1.4-1.4],1.36279,1.36279,1.36279,,,
MALARIA_EST_MORTALITY,Estimated malaria mortality rate (per 100 000 population),https://www.who.int/data/gho/indicator-metadata-registry/imr-details/16,PUBLISHED,Published,,2013,2013,,AFR,Africa,,ZAF,2013,2013,South Africa,,2.0 [2.0-2.0],1.95578,1.95578,1.95578,,,
MALARIA_EST_MORTALITY,Estimated malaria mortality rate (per 100 000 population),https://www.who.int/data/gho/indicator-metadata-registry/imr-details/16,PUBLISHED,Published,,2014,2014,,AFR,Africa,,ZAF,2014,2014,South Africa,,3.2 [3.2-3.2],3.19007,3.19007,3.19007,,,
MALARIA_EST_MORTALITY,Estimated malaria mortality rate (per 100 000 population),https://www.who.int/data/gho/indicator-metadata-registry/imr-details/16,PUBLISHED,Published,,2015,2015,,AFR,Africa,,ZAF,2015,2015,South Africa,,2.0 [2.0-2.0],1.98605,1.98605,1.98605,,,
MALARIA_EST_MORTALITY,Estimated malaria mortality rate (per 100 000 population),https://www.who.int/data/gho/indicator-metadata-registry/imr-details/16,PUBLISHED,Published,,2016,2016,,AFR,Africa,,ZAF,2016,2016,South Africa,,0.6 [0.6-0.6],0.60490,0.60490,0.60490,,,
MALARIA_EST_MORTALITY,Estimated malaria mortality rate (per 100 000 population),https://www.who.int/data/gho/indicator-metadata-registry/imr-details/16,PUBLISHED,Published,,2017,2017,,AFR,Africa,,ZAF,2017,2017,South Africa,,5.3 [5.3-5.3],5.27980,5.27980,5.27980,,,
MALARIA_EST_MORTALITY,Estimated malaria mortality rate (per 100 000 population),https://www.who.int/data/gho/indicator-metadata-registry/imr-details/16,PUBLISHED,Published,,2018,2018,,AFR,Africa,,ZAF,2018,2018,South Africa,,1.2 [1.2-1.2],1.19393,1.19393,1.19393,,,
MALARIA_EST_MORTALITY,Estimated malaria mortality rate (per 100 000 population),https://www.who.int/data/gho/indicator-metadata-registry/imr-details/16,PUBLISHED,Published,,2019,2019,,AFR,Africa,,ZAF,2019,2019,South Africa,,1.3 [1.3-1.3],1.34908,1.34908,1.34908,,,
MALARIA_EST_MORTALITY,Estimated malaria mortality rate (per 100 000 population),https://www.who.int/data/gho/indicator-metadata-registry/imr-details/16,PUBLISHED,Published,,2020,2020,,AFR,Africa,,ZAF,2020,2020,South Africa,,0.6 [0.6-0.6],0.64072,0.64072,0.64072,,,
MALARIA_RDT_TEST,Number of malaria suspects examined by rapid diagnostic test (RDT),https://www.who.int/data/gho/indicator-metadata-registry/imr-details/2247,PUBLISHED,Published,,2010,2010,,AFR,Africa,,ZAF,2010,2010,South Africa,,276 669,276669.00000,,,,,
MALARIA_RDT_TEST,Number of malaria suspects examined by rapid diagnostic test (RDT),https://www.who.int/data/gho/indicator-metadata-registry/imr-details/2247,PUBLISHED,Published,,2011,2011,,AFR,Africa,,ZAF,2011,2011,South Africa,,204 047,204047.00000,,,,,
MALARIA_RDT_TEST,Number of malaria suspects examined by rapid diagnostic test (RDT),https://www.who.int/data/gho/indicator-metadata-registry/imr-details/2247,PUBLISHED,Published,,2012,2012,,AFR,Africa,,ZAF,2012,2012,South Africa,,30 053,30053.00000,,,,,
MALARIA_RDT_TEST,Number of malaria suspects examined by rapid diagnostic test (RDT),https://www.who.int/data/gho/indicator-metadata-registry/imr-details/2247,PUBLISHED,Published,,2013,2013,,AFR,Africa,,ZAF,2013,2013,South Africa,,239 705,239705.00000,,,,,
MALARIA_RDT_TEST,Number of malaria suspects examined by rapid diagnostic test (RDT),https://www.who.int/data/gho/indicator-metadata-registry/imr-details/2247,PUBLISHED,Published,,2014,2014,,AFR,Africa,,ZAF,2014,2014,South Africa,,240 622,240622.00000,,,,,
MALARIA_RDT_TEST,Number of malaria suspects examined by rapid diagnostic test (RDT),https://www.who.int/data/gho/indicator-metadata-registry/imr-details/2247,PUBLISHED,Published,,2015,2015,,AFR,Africa,,ZAF,2015,2015,South Africa,,29 598,29598.00000,,,,,
MALARIA_RDT_TEST,Number of malaria suspects examined by rapid diagnostic test (RDT),https://www.who.int/data/gho/indicator-metadata-registry/imr-details/2247,PUBLISHED,Published,,2016,2016,,AFR,Africa,,ZAF,2016,2016,South Africa,,42 624,42624.00000,,,,,
MALARIA_RDT_TEST,Number of malaria suspects examined by rapid diagnostic test (RDT),https://www.who.int/data/gho/indicator-metadata-registry/imr-details/2247,PUBLISHED,Published,,2017,2017,,AFR,Africa,,ZAF,2017,2017,South Africa,,56 257,56257.00000,,,,,
MALARIA_RDT_TEST,Number of malaria suspects examined by rapid diagnostic test (RDT),https://www.who.int/data/gho/indicator-metadata-registry/imr-details/2247,PUBLISHED,Published,,2020,2020,,AFR,Africa,,ZAF,2020,2020,South Africa,,11 982,11982.00000,,,,,
MALARIA_RDT_POS,Number of malaria positive cases by rapid diagnostic test (RDT),https://www.who.int/data/gho/indicator-metadata-registry/imr-details/2248,PUBLISHED,Published,,2010,2010,,AFR,Africa,,ZAF,2010,2010,South Africa,,4 273,4273.00000,,,,,
MALARIA_RDT_POS,Number of malaria positive cases by rapid diagnostic test (RDT),https://www.who.int/data/gho/indicator-metadata-registry/imr-details/2248,PUBLISHED,Published,,2011,2011,,AFR,Africa,,ZAF,2011,2011,South Africa,,3 880,3880.00000,,,,,
MALARIA_RDT_POS,Number of malaria positive cases by rapid diagnostic test (RDT),https://www.who.int/data/gho/indicator-metadata-registry/imr-details/2248,PUBLISHED,Published,,2012,2012,,AFR,Africa,,ZAF,2012,2012,South Africa,,4 989,4989.00000,,,,,
MALARIA_RDT_POS,Number of malaria positive cases by rapid diagnostic test (RDT),https://www.who.int/data/gho/indicator-metadata-registry/imr-details/2248,PUBLISHED,Published,,2013,2013,,AFR,Africa,,ZAF,2013,2013,South Africa,,6 073,6073.00000,,,,,
MALARIA_RDT_POS,Number of malaria positive cases by rapid diagnostic test (RDT),https://www.who.int/data/gho/indicator-metadata-registry/imr-details/2248,PUBLISHED,Published,,2014,2014,,AFR,Africa,,ZAF,2014,2014,South Africa,,7 604,7604.00000,,,,,
MALARIA_RDT_POS,Number of malaria positive cases by rapid diagnostic test (RDT),https://www.who.int/data/gho/indicator-metadata-registry/imr-details/2248,PUBLISHED,Published,,2015,2015,,AFR,Africa,,ZAF,2015,2015,South Africa,,4 174,4174.00000,,,,,
MALARIA_RDT_POS,Number of malaria positive cases by rapid diagnostic test (RDT),https://www.who.int/data/gho/indicator-metadata-registry/imr-details/2248,PUBLISHED,Published,,2016,2016,,AFR,Africa,,ZAF,2016,2016,South Africa,,3 104,3104.00000,,,,,
MALARIA_RDT_POS,Number of malaria positive cases by rapid diagnostic test (RDT),https://www.who.int/data/gho/indicator-metadata-registry/imr-details/2248,PUBLISHED,Published,,2017,2017,,AFR,Africa,,ZAF,2017,2017,South Africa,,20 023,20023.00000,,,,,
MALARIA_RDT_POS,Number of malaria positive cases by rapid diagnostic test (RDT),https://www.who.int/data/gho/indicator-metadata-registry/imr-details/2248,PUBLISHED,Published,,2018,2018,,AFR,Africa,,ZAF,2018,2018,South Africa,,8 123,8123.00000,,,,,
MALARIA_RDT_POS,Number of malaria positive cases by rapid diagnostic test (RDT),https://www.who.int/data/gho/indicator-metadata-registry/imr-details/2248,PUBLISHED,Published,,2019,2019,,AFR,Africa,,ZAF,2019,2019,South Africa,,13 356,13356.00000,,,,,
MALARIA_RDT_POS,Number of malaria positive cases by rapid diagnostic test (RDT),https://www.who.int/data/gho/indicator-metadata-registry/imr-details/2248,PUBLISHED,Published,,2020,2020,,AFR,Africa,,ZAF,2020,2020,South Africa,,8 126,8126.00000,,,,,
MALARIA_SUSPECTS,Number of suspected malaria cases,https://www.who.int/data/gho/indicator-metadata-registry/imr-details/4633,PUBLISHED,Published,,2010,2010,,AFR,Africa,,ZAF,2010,2010,South Africa,,276 669,276669.00000,,,,,
MALARIA_SUSPECTS,Number of suspected malaria cases,https://www.who.int/data/gho/indicator-metadata-registry/imr-details/4633,PUBLISHED,Published,,2011,2011,,AFR,Africa,,ZAF,2011,2011,South Africa,,382 434,382434.00000,,,,,
MALARIA_SUSPECTS,Number of suspected malaria cases,https://www.who.int/data/gho/indicator-metadata-registry/imr-details/4633,PUBLISHED,Published,,2012,2012,,AFR,Africa,,ZAF,2012,2012,South Africa,,151 344,151344.00000,,,,,
MALARIA_SUSPECTS,Number of suspected malaria cases,https://www.who.int/data/gho/indicator-metadata-registry/imr-details/4633,PUBLISHED,Published,,2013,2013,,AFR,Africa,,ZAF,2013,2013,South Africa,,603 726,603726.00000,,,,,
MALARIA_SUSPECTS,Number of suspected malaria cases,https://www.who.int/data/gho/indicator-metadata-registry/imr-details/4633,PUBLISHED,Published,,2014,2014,,AFR,Africa,,ZAF,2014,2014,South Africa,,540 913,540913.00000,,,,,
MALARIA_SUSPECTS,Number of suspected malaria cases,https://www.who.int/data/gho/indicator-metadata-registry/imr-details/4633,PUBLISHED,Published,,2015,2015,,AFR,Africa,,ZAF,2015,2015,South Africa,,43 515,43515.00000,,,,,
MALARIA_SUSPECTS,Number of suspected malaria cases,https://www.who.int/data/gho/indicator-metadata-registry/imr-details/4633,PUBLISHED,Published,,2016,2016,,AFR,Africa,,ZAF,2016,2016,South Africa,,63 277,63277.00000,,,,,
MALARIA_SUSPECTS,Number of suspected malaria cases,https://www.who.int/data/gho/indicator-metadata-registry/imr-details/4633,PUBLISHED,Published,,2017,2017,,AFR,Africa,,ZAF,2017,2017,South Africa,,56 257,56257.00000,,,,,
MALARIA_SUSPECTS,Number of suspected malaria cases,https://www.who.int/data/gho/indicator-metadata-registry/imr-details/4633,PUBLISHED,Published,,2020,2020,,AFR,Africa,,ZAF,2020,2020,South Africa,,98 562,98562.00000,,,,,
MALARIA_MICR_TEST,Number of malaria suspects examined by microscopy,https://www.who.int/data/gho/indicator-metadata-registry/imr-details/4634,PUBLISHED,Published,,2011,2011,,AFR,Africa,,ZAF,2011,2011,South Africa,,178 387,178387.00000,,,,,
MALARIA_MICR_TEST,Number of malaria suspects examined by microscopy,https://www.who.int/data/gho/indicator-metadata-registry/imr-details/4634,PUBLISHED,Published,,2012,2012,,AFR,Africa,,ZAF,2012,2012,South Africa,,121 291,121291.00000,,,,,
MALARIA_MICR_TEST,Number of malaria suspects examined by microscopy,https://www.who.int/data/gho/indicator-metadata-registry/imr-details/4634,PUBLISHED,Published,,2013,2013,,AFR,Africa,,ZAF,2013,2013,South Africa,,364 021,364021.00000,,,,,
MALARIA_MICR_TEST,Number of malaria suspects examined by microscopy,https://www.who.int/data/gho/indicator-metadata-registry/imr-details/4634,PUBLISHED,Published,,2014,2014,,AFR,Africa,,ZAF,2014,2014,South Africa,,300 291,300291.00000,,,,,
MALARIA_MICR_TEST,Number of malaria suspects examined by microscopy,https://www.who.int/data/gho/indicator-metadata-registry/imr-details/4634,PUBLISHED,Published,,2015,2015,,AFR,Africa,,ZAF,2015,2015,South Africa,,13 917,13917.00000,,,,,
MALARIA_MICR_TEST,Number of malaria suspects examined by microscopy,https://www.who.int/data/gho/indicator-metadata-registry/imr-details/4634,PUBLISHED,Published,,2016,2016,,AFR,Africa,,ZAF,2016,2016,South Africa,,20 653,20653.00000,,,,,
MALARIA_MICR_TEST,Number of malaria suspects examined by microscopy,https://www.who.int/data/gho/indicator-metadata-registry/imr-details/4634,PUBLISHED,Published,,2020,2020,,AFR,Africa,,ZAF,2020,2020,South Africa,,4 654,4654.00000,,,,,
MALARIA_PF_INDIG,Number of indigenous P. falciparum malaria cases,https://www.who.int/data/gho/indicator-metadata-registry/imr-details/4635,PUBLISHED,Published,,2010,2010,,AFR,Africa,,ZAF,2010,2010,South Africa,,2 181,2181.00000,,,,,
MALARIA_PF_INDIG,Number of indigenous P. falciparum malaria cases,https://www.who.int/data/gho/indicator-metadata-registry/imr-details/4635,PUBLISHED,Published,,2011,2011,,AFR,Africa,,ZAF,2011,2011,South Africa,,4 206,4206.00000,,,,,
MALARIA_PF_INDIG,Number of indigenous P. falciparum malaria cases,https://www.who.int/data/gho/indicator-metadata-registry/imr-details/4635,PUBLISHED,Published,,2012,2012,,AFR,Africa,,ZAF,2012,2012,South Africa,,4 565,4565.00000,,,,,
MALARIA_PF_INDIG,Number of indigenous P. falciparum malaria cases,https://www.who.int/data/gho/indicator-metadata-registry/imr-details/4635,PUBLISHED,Published,,2013,2013,,AFR,Africa,,ZAF,2013,2013,South Africa,,8 645,8645.00000,,,,,
MALARIA_PF_INDIG,Number of indigenous P. falciparum malaria cases,https://www.who.int/data/gho/indicator-metadata-registry/imr-details/4635,PUBLISHED,Published,,2014,2014,,AFR,Africa,,ZAF,2014,2014,South Africa,,11 563,11563.00000,,,,,
MALARIA_PF_INDIG,Number of indigenous P. falciparum malaria cases,https://www.who.int/data/gho/indicator-metadata-registry/imr-details/4635,PUBLISHED,Published,,2015,2015,,AFR,Africa,,ZAF,2015,2015,South Africa,,4 344,4344.00000,,,,,
MALARIA_PF_INDIG,Number of indigenous P. falciparum malaria cases,https://www.who.int/data/gho/indicator-metadata-registry/imr-details/4635,PUBLISHED,Published,,2016,2016,,AFR,Africa,,ZAF,2016,2016,South Africa,,4 323,4323.00000,,,,,
MALARIA_PF_INDIG,Number of indigenous P. falciparum malaria cases,https://www.who.int/data/gho/indicator-metadata-registry/imr-details/4635,PUBLISHED,Published,,2017,2017,,AFR,Africa,,ZAF,2017,2017,South Africa,,23 381,23381.00000,,,,,
MALARIA_PF_INDIG,Number of indigenous P. falciparum malaria cases,https://www.who.int/data/gho/indicator-metadata-registry/imr-details/4635,PUBLISHED,Published,,2018,2018,,AFR,Africa,,ZAF,2018,2018,South Africa,,9 540,9540.00000,,,,,
MALARIA_PF_INDIG,Number of indigenous P. falciparum malaria cases,https://www.who.int/data/gho/indicator-metadata-registry/imr-details/4635,PUBLISHED,Published,,2019,2019,,AFR,Africa,,ZAF,2019,2019,South Africa,,3 096,3096.00000,,,,,
MALARIA_PF_INDIG,Number of indigenous P. falciparum malaria cases,https://www.who.int/data/gho/indicator-metadata-registry/imr-details/4635,PUBLISHED,Published,,2020,2020,,AFR,Africa,,ZAF,2020,2020,South Africa,,3 173,3173.00000,,,,,
MALARIA_PV_INDIG,Number of indigenous P. vivax malaria cases,https://www.who.int/data/gho/indicator-metadata-registry/imr-details/4636,PUBLISHED,Published,,2010,2010,,AFR,Africa,,ZAF,2010,2010,South Africa,,0,0.00000,,,,,
MALARIA_PV_INDIG,Number of indigenous P. vivax malaria cases,https://www.who.int/data/gho/indicator-metadata-registry/imr-details/4636,PUBLISHED,Published,,2011,2011,,AFR,Africa,,ZAF,2011,2011,South Africa,,14,14.00000,,,,,
MALARIA_PV_INDIG,Number of indigenous P. vivax malaria cases,https://www.who.int/data/gho/indicator-metadata-registry/imr-details/4636,PUBLISHED,Published,,2012,2012,,AFR,Africa,,ZAF,2012,2012,South Africa,,5,5.00000,,,,,
MALARIA_PV_INDIG,Number of indigenous P. vivax malaria cases,https://www.who.int/data/gho/indicator-metadata-registry/imr-details/4636,PUBLISHED,Published,,2015,2015,,AFR,Africa,,ZAF,2015,2015,South Africa,,5,5.00000,,,,,
MALARIA_IMPORTED,Number of imported malaria cases,https://www.who.int/data/gho/indicator-metadata-registry/imr-details/4637,PUBLISHED,Published,,2015,2015,,AFR,Africa,,ZAF,2015,2015,South Africa,,3 568,3568.00000,,,,,
MALARIA_IMPORTED,Number of imported malaria cases,https://www.who.int/data/gho/indicator-metadata-registry/imr-details/4637,PUBLISHED,Published,,2016,2016,,AFR,Africa,,ZAF,2016,2016,South Africa,,3 075,3075.00000,,,,,
MALARIA_IMPORTED,Number of imported malaria cases,https://www.who.int/data/gho/indicator-metadata-registry/imr-details/4637,PUBLISHED,Published,,2017,2017,,AFR,Africa,,ZAF,2017,2017,South Africa,,6 234,6234.00000,,,,,
MALARIA_IMPORTED,Number of imported malaria cases,https://www.who.int/data/gho/indicator-metadata-registry/imr-details/4637,PUBLISHED,Published,,2018,2018,,AFR,Africa,,ZAF,2018,2018,South Africa,,5 742,5742.00000,,,,,
MALARIA_IMPORTED,Number of imported malaria cases,https://www.who.int/data/gho/indicator-metadata-registry/imr-details/4637,PUBLISHED,Published,,2019,2019,,AFR,Africa,,ZAF,2019,2019,South Africa,,8 890,8890.00000,,,,,
MALARIA_IMPORTED,Number of imported malaria cases,https://www.who.int/data/gho/indicator-metadata-registry/imr-details/4637,PUBLISHED,Published,,2020,2020,,AFR,Africa,,ZAF,2020,2020,South Africa,,3 663,3663.00000,,,,,
MALARIA_MICR_POS,Number of malaria positive cases by microscopy,https://www.who.int/data/gho/indicator-metadata-registry/imr-details/4641,PUBLISHED,Published,,2010,2010,,AFR,Africa,,ZAF,2010,2010,South Africa,,3 787,3787.00000,,,,,
MALARIA_MICR_POS,Number of malaria positive cases by microscopy,https://www.who.int/data/gho/indicator-metadata-registry/imr-details/4641,PUBLISHED,Published,,2011,2011,,AFR,Africa,,ZAF,2011,2011,South Africa,,5 986,5986.00000,,,,,
MALARIA_MICR_POS,Number of malaria positive cases by microscopy,https://www.who.int/data/gho/indicator-metadata-registry/imr-details/4641,PUBLISHED,Published,,2012,2012,,AFR,Africa,,ZAF,2012,2012,South Africa,,1 632,1632.00000,,,,,
MALARIA_MICR_POS,Number of malaria positive cases by microscopy,https://www.who.int/data/gho/indicator-metadata-registry/imr-details/4641,PUBLISHED,Published,,2013,2013,,AFR,Africa,,ZAF,2013,2013,South Africa,,2 572,2572.00000,,,,,
MALARIA_MICR_POS,Number of malaria positive cases by microscopy,https://www.who.int/data/gho/indicator-metadata-registry/imr-details/4641,PUBLISHED,Published,,2014,2014,,AFR,Africa,,ZAF,2014,2014,South Africa,,4 101,4101.00000,,,,,
MALARIA_MICR_POS,Number of malaria positive cases by microscopy,https://www.who.int/data/gho/indicator-metadata-registry/imr-details/4641,PUBLISHED,Published,,2015,2015,,AFR,Africa,,ZAF,2015,2015,South Africa,,785,785.00000,,,,,
MALARIA_MICR_POS,Number of malaria positive cases by microscopy,https://www.who.int/data/gho/indicator-metadata-registry/imr-details/4641,PUBLISHED,Published,,2016,2016,,AFR,Africa,,ZAF,2016,2016,South Africa,,1 219,1219.00000,,,,,
MALARIA_MICR_POS,Number of malaria positive cases by microscopy,https://www.who.int/data/gho/indicator-metadata-registry/imr-details/4641,PUBLISHED,Published,,2017,2017,,AFR,Africa,,ZAF,2017,2017,South Africa,,9 592,9592.00000,,,,,
MALARIA_MICR_POS,Number of malaria positive cases by microscopy,https://www.who.int/data/gho/indicator-metadata-registry/imr-details/4641,PUBLISHED,Published,,2018,2018,,AFR,Africa,,ZAF,2018,2018,South Africa,,2 666,2666.00000,,,,,
MALARIA_MICR_POS,Number of malaria positive cases by microscopy,https://www.who.int/data/gho/indicator-metadata-registry/imr-details/4641,PUBLISHED,Published,,2019,2019,,AFR,Africa,,ZAF,2019,2019,South Africa,,477,477.00000,,,,,
MALARIA_MICR_POS,Number of malaria positive cases by microscopy,https://www.who.int/data/gho/indicator-metadata-registry/imr-details/4641,PUBLISHED,Published,,2020,2020,,AFR,Africa,,ZAF,2020,2020,South Africa,,622,622.00000,,,,,
MALARIA_EST_INCIDENCE,Estimated malaria incidence (per 1000 population at risk),https://www.who.int/data/gho/indicator-metadata-registry/imr-details/4670,PUBLISHED,Published,,2000,2000,,AFR,Africa,,ZAF,2000,2000,South Africa,,4.0 [2.9-5.7],4.01710,2.91654,5.74368,,,
MALARIA_EST_INCIDENCE,Estimated malaria incidence (per 1000 population at risk),https://www.who.int/data/gho/indicator-metadata-registry/imr-details/4670,PUBLISHED,Published,,2001,2001,,AFR,Africa,,ZAF,2001,2001,South Africa,,5.8 [5.8-5.8],5.81638,5.81638,5.81638,,,
MALARIA_EST_INCIDENCE,Estimated malaria incidence (per 1000 population at risk),https://www.who.int/data/gho/indicator-metadata-registry/imr-details/4670,PUBLISHED,Published,,2002,2002,,AFR,Africa,,ZAF,2002,2002,South Africa,,3.4 [3.4-3.4],3.39083,3.39083,3.39083,,,
MALARIA_EST_INCIDENCE,Estimated malaria incidence (per 1000 population at risk),https://www.who.int/data/gho/indicator-metadata-registry/imr-details/4670,PUBLISHED,Published,,2003,2003,,AFR,Africa,,ZAF,2003,2003,South Africa,,2.9 [2.9-2.9],2.88083,2.88083,2.88083,,,
MALARIA_EST_INCIDENCE,Estimated malaria incidence (per 1000 population at risk),https://www.who.int/data/gho/indicator-metadata-registry/imr-details/4670,PUBLISHED,Published,,2004,2004,,AFR,Africa,,ZAF,2004,2004,South Africa,,2.8 [2.8-2.8],2.83327,2.83327,2.83327,,,
MALARIA_EST_INCIDENCE,Estimated malaria incidence (per 1000 population at risk),https://www.who.int/data/gho/indicator-metadata-registry/imr-details/4670,PUBLISHED,Published,,2005,2005,,AFR,Africa,,ZAF,2005,2005,South Africa,,1.6 [1.6-1.6],1.61965,1.61965,1.61965,,,
MALARIA_EST_INCIDENCE,Estimated malaria incidence (per 1000 population at risk),https://www.who.int/data/gho/indicator-metadata-registry/imr-details/4670,PUBLISHED,Published,,2006,2006,,AFR,Africa,,ZAF,2006,2006,South Africa,,2.5 [2.5-2.5],2.49498,2.49498,2.49498,,,
MALARIA_EST_INCIDENCE,Estimated malaria incidence (per 1000 population at risk),https://www.who.int/data/gho/indicator-metadata-registry/imr-details/4670,PUBLISHED,Published,,2007,2007,,AFR,Africa,,ZAF,2007,2007,South Africa,,1.3 [1.3-1.3],1.28808,1.28808,1.28808,,,
MALARIA_EST_INCIDENCE,Estimated malaria incidence (per 1000 population at risk),https://www.who.int/data/gho/indicator-metadata-registry/imr-details/4670,PUBLISHED,Published,,2008,2008,,AFR,Africa,,ZAF,2008,2008,South Africa,,1.6 [1.6-1.6],1.56611,1.56611,1.56611,,,
MALARIA_EST_INCIDENCE,Estimated malaria incidence (per 1000 population at risk),https://www.who.int/data/gho/indicator-metadata-registry/imr-details/4670,PUBLISHED,Published,,2009,2009,,AFR,Africa,,ZAF,2009,2009,South Africa,,1.2 [1.2-1.2],1.20292,1.20292,1.20292,,,
MALARIA_EST_INCIDENCE,Estimated malaria incidence (per 1000 population at risk),https://www.who.int/data/gho/indicator-metadata-registry/imr-details/4670,PUBLISHED,Published,,2010,2010,,AFR,Africa,,ZAF,2010,2010,South Africa,,1.6 [1.6-1.6],1.57370,1.57370,1.57370,,,
MALARIA_EST_INCIDENCE,Estimated malaria incidence (per 1000 population at risk),https://www.who.int/data/gho/indicator-metadata-registry/imr-details/4670,PUBLISHED,Published,,2011,2011,,AFR,Africa,,ZAF,2011,2011,South Africa,,1.9 [1.9-1.9],1.89717,1.89717,1.89717,,,
MALARIA_EST_INCIDENCE,Estimated malaria incidence (per 1000 population at risk),https://www.who.int/data/gho/indicator-metadata-registry/imr-details/4670,PUBLISHED,Published,,2012,2012,,AFR,Africa,,ZAF,2012,2012,South Africa,,1.3 [1.3-1.3],1.25320,1.25320,1.25320,,,
MALARIA_EST_INCIDENCE,Estimated malaria incidence (per 1000 population at risk),https://www.who.int/data/gho/indicator-metadata-registry/imr-details/4670,PUBLISHED,Published,,2013,2013,,AFR,Africa,,ZAF,2013,2013,South Africa,,1.6 [1.6-1.6],1.61026,1.61026,1.61026,,,
MALARIA_EST_INCIDENCE,Estimated malaria incidence (per 1000 population at risk),https://www.who.int/data/gho/indicator-metadata-registry/imr-details/4670,PUBLISHED,Published,,2014,2014,,AFR,Africa,,ZAF,2014,2014,South Africa,,2.1 [2.1-2.1],2.14597,2.14597,2.14597,,,
MALARIA_EST_INCIDENCE,Estimated malaria incidence (per 1000 population at risk),https://www.who.int/data/gho/indicator-metadata-registry/imr-details/4670,PUBLISHED,Published,,2015,2015,,AFR,Africa,,ZAF,2015,2015,South Africa,,0.9 [0.9-0.9],0.89535,0.89535,0.89535,,,
MALARIA_EST_INCIDENCE,Estimated malaria incidence (per 1000 population at risk),https://www.who.int/data/gho/indicator-metadata-registry/imr-details/4670,PUBLISHED,Published,,2016,2016,,AFR,Africa,,ZAF,2016,2016,South Africa,,0.8 [0.8-0.8],0.76911,0.76911,0.76911,,,
MALARIA_EST_INCIDENCE,Estimated malaria incidence (per 1000 population at risk),https://www.who.int/data/gho/indicator-metadata-registry/imr-details/4670,PUBLISHED,Published,,2017,2017,,AFR,Africa,,ZAF,2017,2017,South Africa,,3.9 [3.9-3.9],3.94968,3.94968,3.94968,,,
MALARIA_EST_INCIDENCE,Estimated malaria incidence (per 1000 population at risk),https://www.who.int/data/gho/indicator-metadata-registry/imr-details/4670,PUBLISHED,Published,,2018,2018,,AFR,Africa,,ZAF,2018,2018,South Africa,,1.7 [1.7-1.7],1.65073,1.65073,1.65073,,,
MALARIA_EST_INCIDENCE,Estimated malaria incidence (per 1000 population at risk),https://www.who.int/data/gho/indicator-metadata-registry/imr-details/4670,PUBLISHED,Published,,2019,2019,,AFR,Africa,,ZAF,2019,2019,South Africa,,0.5 [0.5-0.5],0.52870,0.52870,0.52870,,,
MALARIA_EST_INCIDENCE,Estimated malaria incidence (per 1000 population at risk),https://www.who.int/data/gho/indicator-metadata-registry/imr-details/4670,PUBLISHED,Published,,2020,2020,,AFR,Africa,,ZAF,2020,2020,South Africa,,0.8 [0.8-0.8],0.75250,0.75250,0.75250,,,
MALARIA_TOTAL_CASES,Total number of  malaria cases (presumed + confirmed cases),https://www.who.int/data/gho/indicator-metadata-registry/imr-details/2237,PUBLISHED,Published,,2010,2010,,AFR,Africa,,ZAF,2010,2010,South Africa,,8 060,8060.00000,,,,,
MALARIA_TOTAL_CASES,Total number of  malaria cases (presumed + confirmed cases),https://www.who.int/data/gho/indicator-metadata-registry/imr-details/2237,PUBLISHED,Published,,2011,2011,,AFR,Africa,,ZAF,2011,2011,South Africa,,9 866,9866.00000,,,,,
MALARIA_TOTAL_CASES,Total number of  malaria cases (presumed + confirmed cases),https://www.who.int/data/gho/indicator-metadata-registry/imr-details/2237,PUBLISHED,Published,,2012,2012,,AFR,Africa,,ZAF,2012,2012,South Africa,,6 621,6621.00000,,,,,
MALARIA_TOTAL_CASES,Total number of  malaria cases (presumed + confirmed cases),https://www.who.int/data/gho/indicator-metadata-registry/imr-details/2237,PUBLISHED,Published,,2013,2013,,AFR,Africa,,ZAF,2013,2013,South Africa,,8 645,8645.00000,,,,,
MALARIA_TOTAL_CASES,Total number of  malaria cases (presumed + confirmed cases),https://www.who.int/data/gho/indicator-metadata-registry/imr-details/2237,PUBLISHED,Published,,2014,2014,,AFR,Africa,,ZAF,2014,2014,South Africa,,11 705,11705.00000,,,,,
MALARIA_TOTAL_CASES,Total number of  malaria cases (presumed + confirmed cases),https://www.who.int/data/gho/indicator-metadata-registry/imr-details/2237,PUBLISHED,Published,,2015,2015,,AFR,Africa,,ZAF,2015,2015,South Africa,,4 959,4959.00000,,,,,
MALARIA_TOTAL_CASES,Total number of  malaria cases (presumed + confirmed cases),https://www.who.int/data/gho/indicator-metadata-registry/imr-details/2237,PUBLISHED,Published,,2016,2016,,AFR,Africa,,ZAF,2016,2016,South Africa,,4 323,4323.00000,,,,,
MALARIA_TOTAL_CASES,Total number of  malaria cases (presumed + confirmed cases),https://www.who.int/data/gho/indicator-metadata-registry/imr-details/2237,PUBLISHED,Published,,2017,2017,,AFR,Africa,,ZAF,2017,2017,South Africa,,29 615,29615.00000,,,,,
MALARIA_TOTAL_CASES,Total number of  malaria cases (presumed + confirmed cases),https://www.who.int/data/gho/indicator-metadata-registry/imr-details/2237,PUBLISHED,Published,,2018,2018,,AFR,Africa,,ZAF,2018,2018,South Africa,,10 789,10789.00000,,,,,
MALARIA_TOTAL_CASES,Total number of  malaria cases (presumed + confirmed cases),https://www.who.int/data/gho/indicator-metadata-registry/imr-details/2237,PUBLISHED,Published,,2019,2019,,AFR,Africa,,ZAF,2019,2019,South Africa,,13 833,13833.00000,,,,,
MALARIA_TOTAL_CASES,Total number of  malaria cases (presumed + confirmed cases),https://www.who.int/data/gho/indicator-metadata-registry/imr-details/2237,PUBLISHED,Published,,2020,2020,,AFR,Africa,,ZAF,2020,2020,South Africa,,8 126,8126.00000,,,,,
MALARIA_CONF_CASES,Number of confirmed malaria cases,https://www.who.int/data/gho/indicator-metadata-registry/imr-details/50,PUBLISHED,Published,,2010,2010,,AFR,Africa,,ZAF,2010,2010,South Africa,,8 060,8060.00000,,,,,
MALARIA_CONF_CASES,Number of confirmed malaria cases,https://www.who.int/data/gho/indicator-metadata-registry/imr-details/50,PUBLISHED,Published,,2011,2011,,AFR,Africa,,ZAF,2011,2011,South Africa,,9 866,9866.00000,,,,,
MALARIA_CONF_CASES,Number of confirmed malaria cases,https://www.who.int/data/gho/indicator-metadata-registry/imr-details/50,PUBLISHED,Published,,2012,2012,,AFR,Africa,,ZAF,2012,2012,South Africa,,6 621,6621.00000,,,,,
MALARIA_CONF_CASES,Number of confirmed malaria cases,https://www.who.int/data/gho/indicator-metadata-registry/imr-details/50,PUBLISHED,Published,,2013,2013,,AFR,Africa,,ZAF,2013,2013,South Africa,,8 645,8645.00000,,,,,
MALARIA_CONF_CASES,Number of confirmed malaria cases,https://www.who.int/data/gho/indicator-metadata-registry/imr-details/50,PUBLISHED,Published,,2014,2014,,AFR,Africa,,ZAF,2014,2014,South Africa,,11 705,11705.00000,,,,,
MALARIA_CONF_CASES,Number of confirmed malaria cases,https://www.who.int/data/gho/indicator-metadata-registry/imr-details/50,PUBLISHED,Published,,2015,2015,,AFR,Africa,,ZAF,2015,2015,South Africa,,4 959,4959.00000,,,,,
MALARIA_CONF_CASES,Number of confirmed malaria cases,https://www.who.int/data/gho/indicator-metadata-registry/imr-details/50,PUBLISHED,Published,,2016,2016,,AFR,Africa,,ZAF,2016,2016,South Africa,,4 323,4323.00000,,,,,
MALARIA_CONF_CASES,Number of confirmed malaria cases,https://www.who.int/data/gho/indicator-metadata-registry/imr-details/50,PUBLISHED,Published,,2017,2017,,AFR,Africa,,ZAF,2017,2017,South Africa,,29 615,29615.00000,,,,,
MALARIA_CONF_CASES,Number of confirmed malaria cases,https://www.who.int/data/gho/indicator-metadata-registry/imr-details/50,PUBLISHED,Published,,2018,2018,,AFR,Africa,,ZAF,2018,2018,South Africa,,10 789,10789.00000,,,,,
MALARIA_CONF_CASES,Number of confirmed malaria cases,https://www.who.int/data/gho/indicator-metadata-registry/imr-details/50,PUBLISHED,Published,,2019,2019,,AFR,Africa,,ZAF,2019,2019,South Africa,,13 833,13833.00000,,,,,
MALARIA_CONF_CASES,Number of confirmed malaria cases,https://www.who.int/data/gho/indicator-metadata-registry/imr-details/50,PUBLISHED,Published,,2020,2020,,AFR,Africa,,ZAF,2020,2020,South Africa,,8 126,8126.00000,,,,,
MALARIA_PRES_CASES,Number of presumed malaria cases,https://www.who.int/data/gho/indicator-metadata-registry/imr-details/2239,PUBLISHED,Published,,2010,2010,,AFR,Africa,,ZAF,2010,2010,South Africa,,0,0.00000,,,,,
MALARIA_PRES_CASES,Number of presumed malaria cases,https://www.who.int/data/gho/indicator-metadata-registry/imr-details/2239,PUBLISHED,Published,,2011,2011,,AFR,Africa,,ZAF,2011,2011,South Africa,,0,0.00000,,,,,
MALARIA_PRES_CASES,Number of presumed malaria cases,https://www.who.int/data/gho/indicator-metadata-registry/imr-details/2239,PUBLISHED,Published,,2012,2012,,AFR,Africa,,ZAF,2012,2012,South Africa,,0,0.00000,,,,,
MALARIA_PRES_CASES,Number of presumed malaria cases,https://www.who.int/data/gho/indicator-metadata-registry/imr-details/2239,PUBLISHED,Published,,2013,2013,,AFR,Africa,,ZAF,2013,2013,South Africa,,0,0.00000,,,,,
MALARIA_PRES_CASES,Number of presumed malaria cases,https://www.who.int/data/gho/indicator-metadata-registry/imr-details/2239,PUBLISHED,Published,,2014,2014,,AFR,Africa,,ZAF,2014,2014,South Africa,,0,0.00000,,,,,
MALARIA_PRES_CASES,Number of presumed malaria cases,https://www.who.int/data/gho/indicator-metadata-registry/imr-details/2239,PUBLISHED,Published,,2015,2015,,AFR,Africa,,ZAF,2015,2015,South Africa,,0,0.00000,,,,,
MALARIA_PRES_CASES,Number of presumed malaria cases,https://www.who.int/data/gho/indicator-metadata-registry/imr-details/2239,PUBLISHED,Published,,2016,2016,,AFR,Africa,,ZAF,2016,2016,South Africa,,0,0.00000,,,,,
MALARIA_PRES_CASES,Number of presumed malaria cases,https://www.who.int/data/gho/indicator-metadata-registry/imr-details/2239,PUBLISHED,Published,,2017,2017,,AFR,Africa,,ZAF,2017,2017,South Africa,,0,0.00000,,,,,
MALARIA_PRES_CASES,Number of presumed malaria cases,https://www.who.int/data/gho/indicator-metadata-registry/imr-details/2239,PUBLISHED,Published,,2018,2018,,AFR,Africa,,ZAF,2018,2018,South Africa,,0,0.00000,,,,,
MALARIA_PRES_CASES,Number of presumed malaria cases,https://www.who.int/data/gho/indicator-metadata-registry/imr-details/2239,PUBLISHED,Published,,2019,2019,,AFR,Africa,,ZAF,2019,2019,South Africa,,0,0.00000,,,,,
MALARIA_PRES_CASES,Number of presumed malaria cases,https://www.who.int/data/gho/indicator-metadata-registry/imr-details/2239,PUBLISHED,Published,,2020,2020,,AFR,Africa,,ZAF,2020,2020,South Africa,,0,0.00000,,,,,
MALARIA_INDIG,Number of indigenous malaria cases,https://www.who.int/data/gho/indicator-metadata-registry/imr-details/4640,PUBLISHED,Published,,2010,2010,,AFR,Africa,,ZAF,2010,2010,South Africa,,8 060,8060.00000,,,,,
MALARIA_INDIG,Number of indigenous malaria cases,https://www.who.int/data/gho/indicator-metadata-registry/imr-details/4640,PUBLISHED,Published,,2011,2011,,AFR,Africa,,ZAF,2011,2011,South Africa,,9 866,9866.00000,,,,,
MALARIA_INDIG,Number of indigenous malaria cases,https://www.who.int/data/gho/indicator-metadata-registry/imr-details/4640,PUBLISHED,Published,,2012,2012,,AFR,Africa,,ZAF,2012,2012,South Africa,,6 621,6621.00000,,,,,
MALARIA_INDIG,Number of indigenous malaria cases,https://www.who.int/data/gho/indicator-metadata-registry/imr-details/4640,PUBLISHED,Published,,2013,2013,,AFR,Africa,,ZAF,2013,2013,South Africa,,8 645,8645.00000,,,,,
MALARIA_INDIG,Number of indigenous malaria cases,https://www.who.int/data/gho/indicator-metadata-registry/imr-details/4640,PUBLISHED,Published,,2014,2014,,AFR,Africa,,ZAF,2014,2014,South Africa,,11 705,11705.00000,,,,,
MALARIA_INDIG,Number of indigenous malaria cases,https://www.who.int/data/gho/indicator-metadata-registry/imr-details/4640,PUBLISHED,Published,,2015,2015,,AFR,Africa,,ZAF,2015,2015,South Africa,,4 959,4959.00000,,,,,
MALARIA_INDIG,Number of indigenous malaria cases,https://www.who.int/data/gho/indicator-metadata-registry/imr-details/4640,PUBLISHED,Published,,2016,2016,,AFR,Africa,,ZAF,2016,2016,South Africa,,4 323,4323.00000,,,,,
MALARIA_INDIG,Number of indigenous malaria cases,https://www.who.int/data/gho/indicator-metadata-registry/imr-details/4640,PUBLISHED,Published,,2017,2017,,AFR,Africa,,ZAF,2017,2017,South Africa,,23 381,23381.00000,,,,,
MALARIA_INDIG,Number of indigenous malaria cases,https://www.who.int/data/gho/indicator-metadata-registry/imr-details/4640,PUBLISHED,Published,,2018,2018,,AFR,Africa,,ZAF,2018,2018,South Africa,,9 540,9540.00000,,,,,
MALARIA_INDIG,Number of indigenous malaria cases,https://www.who.int/data/gho/indicator-metadata-registry/imr-details/4640,PUBLISHED,Published,,2019,2019,,AFR,Africa,,ZAF,2019,2019,South Africa,,3 096,3096.00000,,,,,
MALARIA_INDIG,Number of indigenous malaria cases,https://www.who.int/data/gho/indicator-metadata-registry/imr-details/4640,PUBLISHED,Published,,2020,2020,,AFR,Africa,,ZAF,2020,2020,South Africa,,4 463,4463.00000,,,,,
MALARIA_1STLINE_TREATED,Number of malaria cases treated with any first  line tx courses (including artemisinin-based combination therapies (ACTs)),https://www.who.int/data/gho/indicator-metadata-registry/imr-details/3549,PUBLISHED,Published,,2020,2020,,AFR,Africa,,ZAF,2020,2020,South Africa,,20 190,20190.00000,,,,,
MALARIA_1STLINE_TREATED,Number of malaria cases treated with any first  line tx courses (including artemisinin-based combination therapies (ACTs)),https://www.who.int/data/gho/indicator-metadata-registry/imr-details/3549,PUBLISHED,Published,,2019,2019,,AFR,Africa,,ZAF,2019,2019,South Africa,,13 833,13833.00000,,,,,
MALARIA_ACT_TREATED,Number of malaria cases treated with artemisinin-based combination therapies (ACTs),https://www.who.int/data/gho/indicator-metadata-registry/imr-details/3548,PUBLISHED,Published,,2020,2020,,AFR,Africa,,ZAF,2020,2020,South Africa,,16 028,16028.00000,,,,,
MALARIA_ACT_TREATED,Number of malaria cases treated with artemisinin-based combination therapies (ACTs),https://www.who.int/data/gho/indicator-metadata-registry/imr-details/3548,PUBLISHED,Published,,2019,2019,,AFR,Africa,,ZAF,2019,2019,South Africa,,13 833,13833.00000,,,,,
MALARIA_INDIG_STATUS,Status of indigenous malaria cases,https://www.who.int/data/gho/indicator-metadata-registry/imr-details/4640,PUBLISHED,Published,,2020,2020,,AFR,Africa,,ZAF,2020,2020,South Africa,,One or more indigenous cases in 2020,,,,,,
