GHO (CODE),GHO (DISPLAY),GHO (URL),PUBLISHSTATE (CODE),PUBLISHSTATE (DISPLAY),PUBLISHSTATE (URL),YEAR (CODE),YEAR (DISPLAY),YEAR (URL),REGION (CODE),REGION (DISPLAY),REGION (URL),COUNTRY (CODE),STARTYEAR,ENDYEAR,COUNTRY (DISPLAY),COUNTRY (URL),SEX (CODE),SEX (DISPLAY),SEX (URL),RESIDENCEAREATYPE (CODE),RESIDENCEAREATYPE (DISPLAY),RESIDENCEAREATYPE (URL),DRIVERTYPE (CODE),DRIVERTYPE (DISPLAY),DRIVERTYPE (URL),MOTOCYCLEOCCUPANTTYPE (CODE),MOTOCYCLEOCCUPANTTYPE (DISPLAY),MOTOCYCLEOCCUPANTTYPE (URL),ROADUSERTYPE (CODE),ROADUSERTYPE (DISPLAY),ROADUSERTYPE (URL),SEATTYPE (CODE),SEATTYPE (DISPLAY),SEATTYPE (URL),VEHICLESTANDARD (CODE),VEHICLESTANDARD (DISPLAY),VEHICLESTANDARD (URL),Display Value,Numeric,Low,High,StdErr,StdDev,Comments
#indicator+code,#indicator+name,#indicator+url,#status+code,#status+name,,,#date+year,,#region+code,#region+name,,#country+code,#date+year+start,#date+year+end,#country+name,,#sex+code,#sex+name,,,,,,,,,,,,,,,,,,,,,#indicator+value+num,,,,,
RS_237,Existence of a formal pre-hospital care system,https://www.who.int/data/gho/indicator-metadata-registry/imr-details/237,PUBLISHED,Published,,2007,2007,,AFR,Africa,,ZAF,2007,2007,South Africa,,,,,,,,,,,,,,,,,,,,,,,Yes,,0.00000,0.00000,,,
RS_576,Gross national income per capita (Atlas method),https://www.who.int/data/gho/indicator-metadata-registry/imr-details/3355,PUBLISHED,Published,,2010,2010,,AFR,Africa,,ZAF,2010,2010,South Africa,,,,,,,,,,,,,,,,,,,,,,,6 090,6090.00000,,,,,
RS_193,Income level,https://www.who.int/data/gho/indicator-metadata-registry/imr-details/193,PUBLISHED,Published,,2010,2010,,AFR,Africa,,ZAF,2010,2010,South Africa,,,,,,,,,,,,,,,,,,,,,,,Middle,,,,,,
RS_1845,Population,https://www.who.int/data/gho/indicator-metadata-registry/imr-details/3359,PUBLISHED,Published,,2010,2010,,AFR,Africa,,ZAF,2010,2010,South Africa,,,,,,,,,,,,,,,,,,,,,,,50 132 820,50132820.00000,,,,,
VIOLENCE_EXTENTIMP_CHILDHOMEVISIT,Child maltreatment: Extent of implementation of home-visiting programmes,,PUBLISHED,Published,,2012-2014,2012-2014,,AFR,Africa,,ZAF,2012,2014,South Africa,,,,,,,,,,,,,,,,,,,,,,,Limited,,,,,,
VIOLENCE_EXTENTIMP_YOUTHLIFESKILLS,Youth violence: Extent of implementation of life-skills and social development programmes,,PUBLISHED,Published,,2012-2014,2012-2014,,AFR,Africa,,ZAF,2012,2014,South Africa,,,,,,,,,,,,,,,,,,,,,,,Larger scale,,,,,,
VIOLENCE_EXTENTIMP_PARTNERVIOLPREVENTION,Intimate partner violence: Extent of implementation  of dating violence prevention programmes,,PUBLISHED,Published,,2012-2014,2012-2014,,AFR,Africa,,ZAF,2012,2014,South Africa,,,,,,,,,,,,,,,,,,,,,,,Limited,,,,,,
VIOLENCE_EXTENTIMP_ELDERCAREGIVER,Elder abuse: Extent of implementation  of caregiver-support programmes,,PUBLISHED,Published,,2012-2014,2012-2014,,AFR,Africa,,ZAF,2012,2014,South Africa,,,,,,,,,,,,,,,,,,,,,,,Limited,,,,,,
VIOLENCE_EXTENTIMP_ALLTYPES,Extent of implementation of  mental health services for victims of all types of violence,,PUBLISHED,Published,,2012-2014,2012-2014,,AFR,Africa,,ZAF,2012,2014,South Africa,,,,,,,,,,,,,,,,,,,,,,,Limited,,,,,,
VIOLENCE_EXTENTIMP_CHILDPROTECTION,Extent of implementation of child protection services,,PUBLISHED,Published,,2012-2014,2012-2014,,AFR,Africa,,ZAF,2012,2014,South Africa,,,,,,,,,,,,,,,,,,,,,,,Limited,,,,,,
VIOLENCE_EXTENTIMP_VICTIMSMEDICOLEGAL,Extent of implementation of medico-legal services for victims of sexual violence,,PUBLISHED,Published,,2012-2014,2012-2014,,AFR,Africa,,ZAF,2012,2014,South Africa,,,,,,,,,,,,,,,,,,,,,,,Larger scale,,,,,,
RS_246,Distribution of road traffic deaths by type of road user (%),https://www.who.int/data/gho/indicator-metadata-registry/imr-details/246,PUBLISHED,Published,,2016,2016,,AFR,Africa,,ZAF,2016,2016,South Africa,,,,,,,,,,,,,,RS-DDC-2OR3WHEELS,Drivers/passengers of motorized 2- or 3-wheelers,,,,,,,,0.3,0.30000,,,,,
RS_246,Distribution of road traffic deaths by type of road user (%),https://www.who.int/data/gho/indicator-metadata-registry/imr-details/246,PUBLISHED,Published,,2016,2016,,AFR,Africa,,ZAF,2016,2016,South Africa,,,,,,,,,,,,,,RS-DDC-CYCLISTS,Cyclists,,,,,,,,3.2,3.20000,,,,,
RS_246,Distribution of road traffic deaths by type of road user (%),https://www.who.int/data/gho/indicator-metadata-registry/imr-details/246,PUBLISHED,Published,,2016,2016,,AFR,Africa,,ZAF,2016,2016,South Africa,,,,,,,,,,,,,,RS-DDC-OTHER,Other/unspecified road users,,,,,,,,13.1,13.10000,,,,,
RS_207,Blood Alcohol Concentration (BAC) limit for drivers,https://www.who.int/data/gho/indicator-metadata-registry/imr-details/207,PUBLISHED,Published,,2017,2017,,AFR,Africa,,ZAF,2017,2017,South Africa,,,,,,,,RS-DRIVERTYPE-GENERAL,general population,,,,,,,,,,,,,,<0.05 g/dl,,,,,,
RS_207,Blood Alcohol Concentration (BAC) limit for drivers,https://www.who.int/data/gho/indicator-metadata-registry/imr-details/207,PUBLISHED,Published,,2017,2017,,AFR,Africa,,ZAF,2017,2017,South Africa,,,,,,,,RS-DRIVERTYPE-YOUNG,young/novice drivers,,,,,,,,,,,,,,<0.05 g/dl,,,,,,
RS_209,Existence of a national seat-belt law,https://www.who.int/data/gho/indicator-metadata-registry/imr-details/209,PUBLISHED,Published,,2017,2017,,AFR,Africa,,ZAF,2017,2017,South Africa,,,,,,,,,,,,,,,,,,,,,,,Yes,,,,,,
RS_210,Applicability of seat-belt law to all occupants,https://www.who.int/data/gho/indicator-metadata-registry/imr-details/210,PUBLISHED,Published,,2017,2017,,AFR,Africa,,ZAF,2017,2017,South Africa,,,,,,,,,,,,,,,,,,,,,,,No data,,,,,,
RS_212,Seat-belt wearing rate (%),https://www.who.int/data/gho/indicator-metadata-registry/imr-details/212,PUBLISHED,Published,,2017,2017,,AFR,Africa,,ZAF,2017,2017,South Africa,,,,,,,,,,,,,,,,,RS-DDC-DRIVERSONLY,Drivers only,,,,,33,,,,,,
RS_212,Seat-belt wearing rate (%),https://www.who.int/data/gho/indicator-metadata-registry/imr-details/212,PUBLISHED,Published,,2017,2017,,AFR,Africa,,ZAF,2017,2017,South Africa,,,,,,,,,,,,,,,,,RS-DDC-FRONTSEAT,Front seat,,,,,31,,,,,,
RS_212,Seat-belt wearing rate (%),https://www.who.int/data/gho/indicator-metadata-registry/imr-details/212,PUBLISHED,Published,,2017,2017,,AFR,Africa,,ZAF,2017,2017,South Africa,,,,,,,,,,,,,,,,,RS-DDC-REARSEAT,Rear seat,,,,,,,,,,,
RS_212,Seat-belt wearing rate (%),https://www.who.int/data/gho/indicator-metadata-registry/imr-details/212,PUBLISHED,Published,,2017,2017,,AFR,Africa,,ZAF,2017,2017,South Africa,,,,,,,,,,,,,,,,,RS-DDC-ALLOCCUPANTS,All occupants,,,,,,,,,,,
RS_213,Existence of a national child-restraint law,https://www.who.int/data/gho/indicator-metadata-registry/imr-details/213,PUBLISHED,Published,,2017,2017,,AFR,Africa,,ZAF,2017,2017,South Africa,,,,,,,,,,,,,,,,,,,,,,,Yes,,,,,,
RS_214,Existence of national speed limits,https://www.who.int/data/gho/indicator-metadata-registry/imr-details/214,PUBLISHED,Published,,2017,2017,,AFR,Africa,,ZAF,2017,2017,South Africa,,,,,,,,,,,,,,,,,,,,,,,Yes,,,,,,
RS_217,Maximum speed limits,https://www.who.int/data/gho/indicator-metadata-registry/imr-details/217,PUBLISHED,Published,,2017,2017,,AFR,Africa,,ZAF,2017,2017,South Africa,,,,,URB,Urban,,,,,,,,,,,,,,,,,60,,,,,,
RS_217,Maximum speed limits,https://www.who.int/data/gho/indicator-metadata-registry/imr-details/217,PUBLISHED,Published,,2017,2017,,AFR,Africa,,ZAF,2017,2017,South Africa,,,,,RUR,Rural,,,,,,,,,,,,,,,,,100,,,,,,
RS_223_BIS,Law requires helmet to be fastened,https://www.who.int/data/gho/indicator-metadata-registry/imr-details/4651,PUBLISHED,Published,,2017,2017,,AFR,Africa,,ZAF,2017,2017,South Africa,,,,,,,,,,,,,,,,,,,,,,,Yes,,,,,,
RS_219,Applicability of national motorcycle helmet law to all occupants,https://www.who.int/data/gho/indicator-metadata-registry/imr-details/219,PUBLISHED,Published,,2017,2017,,AFR,Africa,,ZAF,2017,2017,South Africa,,,,,,,,,,,RS-DDC-DRIVERS,Drivers,,,,,,,,,,,Yes,,,,,,
RS_219,Applicability of national motorcycle helmet law to all occupants,https://www.who.int/data/gho/indicator-metadata-registry/imr-details/219,PUBLISHED,Published,,2017,2017,,AFR,Africa,,ZAF,2017,2017,South Africa,,,,,,,,,,,RS-DDC-ADULT-PASSAGER,Adult passengers,,,,,,,,,,,Yes,,,,,,
RS_219,Applicability of national motorcycle helmet law to all occupants,https://www.who.int/data/gho/indicator-metadata-registry/imr-details/219,PUBLISHED,Published,,2017,2017,,AFR,Africa,,ZAF,2017,2017,South Africa,,,,,,,,,,,RS-DDC-CHILD-PASSAGER,Child passengers,,,,,,,,,,,Not restricted,,,,,,
RS_204,Existence of a national drink-driving law,https://www.who.int/data/gho/indicator-metadata-registry/imr-details/204,PUBLISHED,Published,,2017,2017,,AFR,Africa,,ZAF,2017,2017,South Africa,,,,,,,,,,,,,,,,,,,,,,,Yes,,,,,,
RS_205,Definition of drink-driving by BAC,https://www.who.int/data/gho/indicator-metadata-registry/imr-details/205,PUBLISHED,Published,,2017,2017,,AFR,Africa,,ZAF,2017,2017,South Africa,,,,,,,,,,,,,,,,,,,,,,,Yes,,,,,,
RS_208,Attribution of road traffic deaths to alcohol (%),https://www.who.int/data/gho/indicator-metadata-registry/imr-details/208,PUBLISHED,Published,,2017,2017,,AFR,Africa,,ZAF,2017,2017,South Africa,,,,,,,,,,,,,,,,,,,,,,,57.5,,,,,,
RS_225,Existence of a road safety lead agency,https://www.who.int/data/gho/indicator-metadata-registry/imr-details/225,PUBLISHED,Published,,2016,2016,,AFR,Africa,,ZAF,2016,2016,South Africa,,,,,,,,,,,,,,,,,,,,,,,Yes,,,,,,
RS_228,Existence of a national road safety strategy,https://www.who.int/data/gho/indicator-metadata-registry/imr-details/228,PUBLISHED,Published,,2016,2016,,AFR,Africa,,ZAF,2016,2016,South Africa,,,,,,,,,,,,,,,,,,,,,,,Yes,,,,,,
RS_229,Availability of funding for national road safety strategy,https://www.who.int/data/gho/indicator-metadata-registry/imr-details/229,PUBLISHED,Published,,2016,2016,,AFR,Africa,,ZAF,2016,2016,South Africa,,,,,,,,,,,,,,,,,,,,,,,Partially funded,,,,,,
RS_238,Existence of a universal access telephone number for pre-hospital care,https://www.who.int/data/gho/indicator-metadata-registry/imr-details/238,PUBLISHED,Published,,2016,2016,,AFR,Africa,,ZAF,2016,2016,South Africa,,,,,,,,,,,,,,,,,,,,,,,"National, single number",,,,,,
RS_242,Vehicle standards,https://www.who.int/data/gho/indicator-metadata-registry/imr-details/4652,PUBLISHED,Published,,2016,2016,,AFR,Africa,,ZAF,2016,2016,South Africa,,,,,,,,,,,,,,,,,,,,RS_VS_SEAT_BELTS,Seat-belts,,No,,,,,,
RS_242,Vehicle standards,https://www.who.int/data/gho/indicator-metadata-registry/imr-details/4652,PUBLISHED,Published,,2016,2016,,AFR,Africa,,ZAF,2016,2016,South Africa,,,,,,,,,,,,,,,,,,,,RS_VS_SEAT_BELTS_ANCHORAGES,Seat-belt anchorages,,Yes,,,,,,
RS_242,Vehicle standards,https://www.who.int/data/gho/indicator-metadata-registry/imr-details/4652,PUBLISHED,Published,,2016,2016,,AFR,Africa,,ZAF,2016,2016,South Africa,,,,,,,,,,,,,,,,,,,,RS_VS_FRONTAL_IMPACT,Frontal impact,,No,,,,,,
RS_242,Vehicle standards,https://www.who.int/data/gho/indicator-metadata-registry/imr-details/4652,PUBLISHED,Published,,2016,2016,,AFR,Africa,,ZAF,2016,2016,South Africa,,,,,,,,,,,,,,,,,,,,RS_VS_SIDE_IMPACT,Side impact,,No,,,,,,
RS_242,Vehicle standards,https://www.who.int/data/gho/indicator-metadata-registry/imr-details/4652,PUBLISHED,Published,,2016,2016,,AFR,Africa,,ZAF,2016,2016,South Africa,,,,,,,,,,,,,,,,,,,,RS_VS_ESC,Electronic stability control,,Yes,,,,,,
RS_242,Vehicle standards,https://www.who.int/data/gho/indicator-metadata-registry/imr-details/4652,PUBLISHED,Published,,2016,2016,,AFR,Africa,,ZAF,2016,2016,South Africa,,,,,,,,,,,,,,,,,,,,RS_VS_PEDESTRIANPROTECTION,Pedestrian protection,,Yes,,,,,,
RS_242,Vehicle standards,https://www.who.int/data/gho/indicator-metadata-registry/imr-details/4652,PUBLISHED,Published,,2016,2016,,AFR,Africa,,ZAF,2016,2016,South Africa,,,,,,,,,,,,,,,,,,,,RS_VS_CHILD_SEATS,Child seats,,Yes,,,,,,
RS_242,Vehicle standards,https://www.who.int/data/gho/indicator-metadata-registry/imr-details/4652,PUBLISHED,Published,,2016,2016,,AFR,Africa,,ZAF,2016,2016,South Africa,,,,,,,,,,,,,,,,,,,,RS_VS_MOTORCYCLE,Motorcycle,,No,,,,,,
RS_196,Estimated number of road traffic deaths,https://www.who.int/data/gho/indicator-metadata-registry/imr-details/196,PUBLISHED,Published,,2012,2012,,AFR,Africa,,ZAF,2012,2012,South Africa,,FMLE,Female,,,,,,,,,,,,,,,,,,,,3364 [1874-5092],3363.55000,1873.63900,5092.06700,,,
RS_196,Estimated number of road traffic deaths,https://www.who.int/data/gho/indicator-metadata-registry/imr-details/196,PUBLISHED,Published,,2000,2000,,AFR,Africa,,ZAF,2000,2000,South Africa,,MLE,Male,,,,,,,,,,,,,,,,,,,,14257 [10816-17006],14256.65000,10816.35000,17006.33000,,,
RS_196,Estimated number of road traffic deaths,https://www.who.int/data/gho/indicator-metadata-registry/imr-details/196,PUBLISHED,Published,,2001,2001,,AFR,Africa,,ZAF,2001,2001,South Africa,,FMLE,Female,,,,,,,,,,,,,,,,,,,,4860 [3258-6556],4860.05300,3257.50900,6556.43200,,,
RS_196,Estimated number of road traffic deaths,https://www.who.int/data/gho/indicator-metadata-registry/imr-details/196,PUBLISHED,Published,,2013,2013,,AFR,Africa,,ZAF,2013,2013,South Africa,,FMLE,Female,,,,,,,,,,,,,,,,,,,,2893 [1636-4390],2892.79000,1636.19600,4389.63100,,,
RS_196,Estimated number of road traffic deaths,https://www.who.int/data/gho/indicator-metadata-registry/imr-details/196,PUBLISHED,Published,,2015,2015,,AFR,Africa,,ZAF,2015,2015,South Africa,,MLE,Male,,,,,,,,,,,,,,,,,,,,10355 [7298-13225],10355.23000,7298.32400,13224.91000,,,
RS_196,Estimated number of road traffic deaths,https://www.who.int/data/gho/indicator-metadata-registry/imr-details/196,PUBLISHED,Published,,2018,2018,,AFR,Africa,,ZAF,2018,2018,South Africa,,BTSX,Both sexes,,,,,,,,,,,,,,,,,,,,13118 [8937-17147],13118.25000,8936.96400,17147.23000,,,
RS_196,Estimated number of road traffic deaths,https://www.who.int/data/gho/indicator-metadata-registry/imr-details/196,PUBLISHED,Published,,2019,2019,,AFR,Africa,,ZAF,2019,2019,South Africa,,BTSX,Both sexes,,,,,,,,,,,,,,,,,,,,13014 [8928-16873],13014.09000,8927.77000,16872.65000,,,
RS_196,Estimated number of road traffic deaths,https://www.who.int/data/gho/indicator-metadata-registry/imr-details/196,PUBLISHED,Published,,2014,2014,,AFR,Africa,,ZAF,2014,2014,South Africa,,MLE,Male,,,,,,,,,,,,,,,,,,,,10070 [7161-12760],10069.64000,7161.46600,12759.92000,,,
RS_196,Estimated number of road traffic deaths,https://www.who.int/data/gho/indicator-metadata-registry/imr-details/196,PUBLISHED,Published,,2009,2009,,AFR,Africa,,ZAF,2009,2009,South Africa,,BTSX,Both sexes,,,,,,,,,,,,,,,,,,,,14459 [9998-18953],14459.10000,9997.79200,18953.44000,,,
RS_196,Estimated number of road traffic deaths,https://www.who.int/data/gho/indicator-metadata-registry/imr-details/196,PUBLISHED,Published,,2003,2003,,AFR,Africa,,ZAF,2003,2003,South Africa,,FMLE,Female,,,,,,,,,,,,,,,,,,,,5772 [3767-7897],5772.20100,3766.81600,7896.94900,,,
RS_196,Estimated number of road traffic deaths,https://www.who.int/data/gho/indicator-metadata-registry/imr-details/196,PUBLISHED,Published,,2009,2009,,AFR,Africa,,ZAF,2009,2009,South Africa,,FMLE,Female,,,,,,,,,,,,,,,,,,,,3669 [1993-5490],3669.04900,1993.21400,5490.12400,,,
RS_196,Estimated number of road traffic deaths,https://www.who.int/data/gho/indicator-metadata-registry/imr-details/196,PUBLISHED,Published,,2015,2015,,AFR,Africa,,ZAF,2015,2015,South Africa,,BTSX,Both sexes,,,,,,,,,,,,,,,,,,,,13345 [9063-17765],13345.00000,9063.06200,17765.14000,,,
RS_196,Estimated number of road traffic deaths,https://www.who.int/data/gho/indicator-metadata-registry/imr-details/196,PUBLISHED,Published,,2008,2008,,AFR,Africa,,ZAF,2008,2008,South Africa,,FMLE,Female,,,,,,,,,,,,,,,,,,,,3912 [2176-5791],3912.38700,2175.70700,5790.64400,,,
RS_196,Estimated number of road traffic deaths,https://www.who.int/data/gho/indicator-metadata-registry/imr-details/196,PUBLISHED,Published,,2017,2017,,AFR,Africa,,ZAF,2017,2017,South Africa,,FMLE,Female,,,,,,,,,,,,,,,,,,,,2900 [1726-4397],2899.56600,1725.95300,4396.58700,,,
RS_196,Estimated number of road traffic deaths,https://www.who.int/data/gho/indicator-metadata-registry/imr-details/196,PUBLISHED,Published,,2008,2008,,AFR,Africa,,ZAF,2008,2008,South Africa,,MLE,Male,,,,,,,,,,,,,,,,,,,,10770 [8073-13332],10770.07000,8072.61600,13331.93000,,,
RS_196,Estimated number of road traffic deaths,https://www.who.int/data/gho/indicator-metadata-registry/imr-details/196,PUBLISHED,Published,,2011,2011,,AFR,Africa,,ZAF,2011,2011,South Africa,,MLE,Male,,,,,,,,,,,,,,,,,,,,10879 [7867-13810],10879.40000,7866.55900,13810.39000,,,
RS_196,Estimated number of road traffic deaths,https://www.who.int/data/gho/indicator-metadata-registry/imr-details/196,PUBLISHED,Published,,2013,2013,,AFR,Africa,,ZAF,2013,2013,South Africa,,BTSX,Both sexes,,,,,,,,,,,,,,,,,,,,12256 [8355-16284],12255.63000,8354.68400,16284.45000,,,
RS_196,Estimated number of road traffic deaths,https://www.who.int/data/gho/indicator-metadata-registry/imr-details/196,PUBLISHED,Published,,2014,2014,,AFR,Africa,,ZAF,2014,2014,South Africa,,FMLE,Female,,,,,,,,,,,,,,,,,,,,3026 [1775-4534],3026.35600,1774.72200,4534.33100,,,
RS_196,Estimated number of road traffic deaths,https://www.who.int/data/gho/indicator-metadata-registry/imr-details/196,PUBLISHED,Published,,2002,2002,,AFR,Africa,,ZAF,2002,2002,South Africa,,MLE,Male,,,,,,,,,,,,,,,,,,,,13215 [10122-15961],13214.81000,10122.49000,15961.12000,,,
RS_196,Estimated number of road traffic deaths,https://www.who.int/data/gho/indicator-metadata-registry/imr-details/196,PUBLISHED,Published,,2005,2005,,AFR,Africa,,ZAF,2005,2005,South Africa,,FMLE,Female,,,,,,,,,,,,,,,,,,,,5131 [3175-7252],5131.33400,3174.81500,7252.49200,,,
RS_196,Estimated number of road traffic deaths,https://www.who.int/data/gho/indicator-metadata-registry/imr-details/196,PUBLISHED,Published,,2003,2003,,AFR,Africa,,ZAF,2003,2003,South Africa,,BTSX,Both sexes,,,,,,,,,,,,,,,,,,,,20280 [14925-25442],20280.32000,14925.00000,25442.39000,,,
RS_196,Estimated number of road traffic deaths,https://www.who.int/data/gho/indicator-metadata-registry/imr-details/196,PUBLISHED,Published,,2002,2002,,AFR,Africa,,ZAF,2002,2002,South Africa,,BTSX,Both sexes,,,,,,,,,,,,,,,,,,,,18435 [13559-23079],18434.82000,13559.30000,23078.65000,,,
RS_196,Estimated number of road traffic deaths,https://www.who.int/data/gho/indicator-metadata-registry/imr-details/196,PUBLISHED,Published,,2005,2005,,AFR,Africa,,ZAF,2005,2005,South Africa,,MLE,Male,,,,,,,,,,,,,,,,,,,,13088 [10036-16002],13087.92000,10035.65000,16002.29000,,,
RS_196,Estimated number of road traffic deaths,https://www.who.int/data/gho/indicator-metadata-registry/imr-details/196,PUBLISHED,Published,,2005,2005,,AFR,Africa,,ZAF,2005,2005,South Africa,,BTSX,Both sexes,,,,,,,,,,,,,,,,,,,,18219 [13210-23255],18219.25000,13210.47000,23254.78000,,,
RS_196,Estimated number of road traffic deaths,https://www.who.int/data/gho/indicator-metadata-registry/imr-details/196,PUBLISHED,Published,,2003,2003,,AFR,Africa,,ZAF,2003,2003,South Africa,,MLE,Male,,,,,,,,,,,,,,,,,,,,14508 [11158-17545],14508.12000,11158.18000,17545.44000,,,
RS_196,Estimated number of road traffic deaths,https://www.who.int/data/gho/indicator-metadata-registry/imr-details/196,PUBLISHED,Published,,2016,2016,,AFR,Africa,,ZAF,2016,2016,South Africa,,BTSX,Both sexes,,,,,,,,,,,,,,,,,,,,14507 [9684-19641],14507.00000,9683.66500,19640.77000,,,
RS_196,Estimated number of road traffic deaths,https://www.who.int/data/gho/indicator-metadata-registry/imr-details/196,PUBLISHED,Published,,2016,2016,,AFR,Africa,,ZAF,2016,2016,South Africa,,FMLE,Female,,,,,,,,,,,,,,,,,,,,3204 [1884-4958],3203.64300,1883.92400,4958.36500,,,
RS_196,Estimated number of road traffic deaths,https://www.who.int/data/gho/indicator-metadata-registry/imr-details/196,PUBLISHED,Published,,2006,2006,,AFR,Africa,,ZAF,2006,2006,South Africa,,BTSX,Both sexes,,,,,,,,,,,,,,,,,,,,19913 [14223-25566],19913.08000,14222.82000,25565.74000,,,
RS_196,Estimated number of road traffic deaths,https://www.who.int/data/gho/indicator-metadata-registry/imr-details/196,PUBLISHED,Published,,2019,2019,,AFR,Africa,,ZAF,2019,2019,South Africa,,FMLE,Female,,,,,,,,,,,,,,,,,,,,2931 [1847-4165],2930.84200,1846.65600,4165.25500,,,
RS_196,Estimated number of road traffic deaths,https://www.who.int/data/gho/indicator-metadata-registry/imr-details/196,PUBLISHED,Published,,2019,2019,,AFR,Africa,,ZAF,2019,2019,South Africa,,MLE,Male,,,,,,,,,,,,,,,,,,,,10083 [7081-12707],10083.25000,7081.11400,12707.40000,,,
RS_196,Estimated number of road traffic deaths,https://www.who.int/data/gho/indicator-metadata-registry/imr-details/196,PUBLISHED,Published,,2004,2004,,AFR,Africa,,ZAF,2004,2004,South Africa,,BTSX,Both sexes,,,,,,,,,,,,,,,,,,,,19516 [14225-24704],19515.68000,14224.97000,24704.32000,,,
RS_196,Estimated number of road traffic deaths,https://www.who.int/data/gho/indicator-metadata-registry/imr-details/196,PUBLISHED,Published,,2016,2016,,AFR,Africa,,ZAF,2016,2016,South Africa,,MLE,Male,,,,,,,,,,,,,,,,,,,,11303 [7800-14682],11303.36000,7799.74100,14682.41000,,,
RS_196,Estimated number of road traffic deaths,https://www.who.int/data/gho/indicator-metadata-registry/imr-details/196,PUBLISHED,Published,,2015,2015,,AFR,Africa,,ZAF,2015,2015,South Africa,,FMLE,Female,,,,,,,,,,,,,,,,,,,,2990 [1765-4540],2989.77000,1764.73800,4540.23400,,,
RS_196,Estimated number of road traffic deaths,https://www.who.int/data/gho/indicator-metadata-registry/imr-details/196,PUBLISHED,Published,,2001,2001,,AFR,Africa,,ZAF,2001,2001,South Africa,,BTSX,Both sexes,,,,,,,,,,,,,,,,,,,,17471 [12855-21769],17471.30000,12854.94000,21768.63000,,,
RS_196,Estimated number of road traffic deaths,https://www.who.int/data/gho/indicator-metadata-registry/imr-details/196,PUBLISHED,Published,,2004,2004,,AFR,Africa,,ZAF,2004,2004,South Africa,,MLE,Male,,,,,,,,,,,,,,,,,,,,13911 [10646-16911],13910.55000,10646.04000,16911.00000,,,
RS_196,Estimated number of road traffic deaths,https://www.who.int/data/gho/indicator-metadata-registry/imr-details/196,PUBLISHED,Published,,2010,2010,,AFR,Africa,,ZAF,2010,2010,South Africa,,BTSX,Both sexes,,,,,,,,,,,,,,,,,,,,14669 [9998-19407],14668.75000,9997.55400,19406.76000,,,
RS_196,Estimated number of road traffic deaths,https://www.who.int/data/gho/indicator-metadata-registry/imr-details/196,PUBLISHED,Published,,2011,2011,,AFR,Africa,,ZAF,2011,2011,South Africa,,FMLE,Female,,,,,,,,,,,,,,,,,,,,3573 [1917-5498],3573.00100,1917.08000,5498.25500,,,
RS_196,Estimated number of road traffic deaths,https://www.who.int/data/gho/indicator-metadata-registry/imr-details/196,PUBLISHED,Published,,2001,2001,,AFR,Africa,,ZAF,2001,2001,South Africa,,MLE,Male,,,,,,,,,,,,,,,,,,,,12611 [9597-15212],12611.24000,9597.43300,15212.20000,,,
RS_196,Estimated number of road traffic deaths,https://www.who.int/data/gho/indicator-metadata-registry/imr-details/196,PUBLISHED,Published,,2007,2007,,AFR,Africa,,ZAF,2007,2007,South Africa,,FMLE,Female,,,,,,,,,,,,,,,,,,,,4292 [2495-6288],4292.05100,2495.00600,6288.22400,,,
RS_196,Estimated number of road traffic deaths,https://www.who.int/data/gho/indicator-metadata-registry/imr-details/196,PUBLISHED,Published,,2008,2008,,AFR,Africa,,ZAF,2008,2008,South Africa,,BTSX,Both sexes,,,,,,,,,,,,,,,,,,,,14682 [10248-19123],14682.46000,10248.32000,19122.58000,,,
RS_196,Estimated number of road traffic deaths,https://www.who.int/data/gho/indicator-metadata-registry/imr-details/196,PUBLISHED,Published,,2018,2018,,AFR,Africa,,ZAF,2018,2018,South Africa,,MLE,Male,,,,,,,,,,,,,,,,,,,,10194 [7226-12889],10194.01000,7225.51500,12889.37000,,,
RS_196,Estimated number of road traffic deaths,https://www.who.int/data/gho/indicator-metadata-registry/imr-details/196,PUBLISHED,Published,,2018,2018,,AFR,Africa,,ZAF,2018,2018,South Africa,,FMLE,Female,,,,,,,,,,,,,,,,,,,,2924 [1711-4258],2924.24000,1711.44900,4257.85900,,,
RS_196,Estimated number of road traffic deaths,https://www.who.int/data/gho/indicator-metadata-registry/imr-details/196,PUBLISHED,Published,,2006,2006,,AFR,Africa,,ZAF,2006,2006,South Africa,,FMLE,Female,,,,,,,,,,,,,,,,,,,,5547 [3346-7934],5547.07900,3345.93500,7933.87600,,,
RS_196,Estimated number of road traffic deaths,https://www.who.int/data/gho/indicator-metadata-registry/imr-details/196,PUBLISHED,Published,,2010,2010,,AFR,Africa,,ZAF,2010,2010,South Africa,,MLE,Male,,,,,,,,,,,,,,,,,,,,10953 [8010-13787],10953.27000,8010.17700,13787.13000,,,
RS_196,Estimated number of road traffic deaths,https://www.who.int/data/gho/indicator-metadata-registry/imr-details/196,PUBLISHED,Published,,2002,2002,,AFR,Africa,,ZAF,2002,2002,South Africa,,FMLE,Female,,,,,,,,,,,,,,,,,,,,5220 [3437-7118],5220.00400,3436.80900,7117.52600,,,
RS_196,Estimated number of road traffic deaths,https://www.who.int/data/gho/indicator-metadata-registry/imr-details/196,PUBLISHED,Published,,2017,2017,,AFR,Africa,,ZAF,2017,2017,South Africa,,BTSX,Both sexes,,,,,,,,,,,,,,,,,,,,13212 [8884-17695],13212.38000,8883.59100,17694.66000,,,
RS_196,Estimated number of road traffic deaths,https://www.who.int/data/gho/indicator-metadata-registry/imr-details/196,PUBLISHED,Published,,2012,2012,,AFR,Africa,,ZAF,2012,2012,South Africa,,MLE,Male,,,,,,,,,,,,,,,,,,,,10616 [7634-13458],10615.76000,7634.05500,13457.79000,,,
RS_196,Estimated number of road traffic deaths,https://www.who.int/data/gho/indicator-metadata-registry/imr-details/196,PUBLISHED,Published,,2014,2014,,AFR,Africa,,ZAF,2014,2014,South Africa,,BTSX,Both sexes,,,,,,,,,,,,,,,,,,,,13096 [8936-17294],13096.00000,8936.18800,17294.25000,,,
RS_196,Estimated number of road traffic deaths,https://www.who.int/data/gho/indicator-metadata-registry/imr-details/196,PUBLISHED,Published,,2011,2011,,AFR,Africa,,ZAF,2011,2011,South Africa,,BTSX,Both sexes,,,,,,,,,,,,,,,,,,,,14452 [9784-19309],14452.40000,9783.64000,19308.64000,,,
RS_196,Estimated number of road traffic deaths,https://www.who.int/data/gho/indicator-metadata-registry/imr-details/196,PUBLISHED,Published,,2000,2000,,AFR,Africa,,ZAF,2000,2000,South Africa,,FMLE,Female,,,,,,,,,,,,,,,,,,,,5524 [3851-7257],5523.64300,3850.52500,7256.68300,,,
RS_196,Estimated number of road traffic deaths,https://www.who.int/data/gho/indicator-metadata-registry/imr-details/196,PUBLISHED,Published,,2010,2010,,AFR,Africa,,ZAF,2010,2010,South Africa,,FMLE,Female,,,,,,,,,,,,,,,,,,,,3715 [1987-5620],3715.47600,1987.37600,5619.62800,,,
RS_196,Estimated number of road traffic deaths,https://www.who.int/data/gho/indicator-metadata-registry/imr-details/196,PUBLISHED,Published,,2006,2006,,AFR,Africa,,ZAF,2006,2006,South Africa,,MLE,Male,,,,,,,,,,,,,,,,,,,,14366 [10877-17632],14366.00000,10876.88000,17631.87000,,,
RS_196,Estimated number of road traffic deaths,https://www.who.int/data/gho/indicator-metadata-registry/imr-details/196,PUBLISHED,Published,,2004,2004,,AFR,Africa,,ZAF,2004,2004,South Africa,,FMLE,Female,,,,,,,,,,,,,,,,,,,,5605 [3579-7793],5605.13500,3578.93100,7793.32100,,,
RS_196,Estimated number of road traffic deaths,https://www.who.int/data/gho/indicator-metadata-registry/imr-details/196,PUBLISHED,Published,,2007,2007,,AFR,Africa,,ZAF,2007,2007,South Africa,,BTSX,Both sexes,,,,,,,,,,,,,,,,,,,,15934 [11322-20680],15934.04000,11322.42000,20680.38000,,,
RS_196,Estimated number of road traffic deaths,https://www.who.int/data/gho/indicator-metadata-registry/imr-details/196,PUBLISHED,Published,,2013,2013,,AFR,Africa,,ZAF,2013,2013,South Africa,,MLE,Male,,,,,,,,,,,,,,,,,,,,9363 [6718-11895],9362.84000,6718.48800,11894.82000,,,
RS_196,Estimated number of road traffic deaths,https://www.who.int/data/gho/indicator-metadata-registry/imr-details/196,PUBLISHED,Published,,2017,2017,,AFR,Africa,,ZAF,2017,2017,South Africa,,MLE,Male,,,,,,,,,,,,,,,,,,,,10313 [7158-13298],10312.81000,7157.63800,13298.07000,,,
RS_196,Estimated number of road traffic deaths,https://www.who.int/data/gho/indicator-metadata-registry/imr-details/196,PUBLISHED,Published,,2000,2000,,AFR,Africa,,ZAF,2000,2000,South Africa,,BTSX,Both sexes,,,,,,,,,,,,,,,,,,,,19780 [14667-24263],19780.29000,14666.88000,24263.01000,,,
RS_196,Estimated number of road traffic deaths,https://www.who.int/data/gho/indicator-metadata-registry/imr-details/196,PUBLISHED,Published,,2009,2009,,AFR,Africa,,ZAF,2009,2009,South Africa,,MLE,Male,,,,,,,,,,,,,,,,,,,,10790 [8005-13463],10790.05000,8004.57800,13463.31000,,,
RS_196,Estimated number of road traffic deaths,https://www.who.int/data/gho/indicator-metadata-registry/imr-details/196,PUBLISHED,Published,,2012,2012,,AFR,Africa,,ZAF,2012,2012,South Africa,,BTSX,Both sexes,,,,,,,,,,,,,,,,,,,,13979 [9508-18550],13979.31000,9507.69400,18549.86000,,,
RS_196,Estimated number of road traffic deaths,https://www.who.int/data/gho/indicator-metadata-registry/imr-details/196,PUBLISHED,Published,,2007,2007,,AFR,Africa,,ZAF,2007,2007,South Africa,,MLE,Male,,,,,,,,,,,,,,,,,,,,11642 [8827-14392],11641.99000,8827.41700,14392.16000,,,
RS_198,Estimated road traffic death rate (per 100 000 population),https://www.who.int/data/gho/indicator-metadata-registry/imr-details/198,PUBLISHED,Published,,2019,2019,,AFR,Africa,,ZAF,2019,2019,South Africa,,FMLE,Female,,,,,,,,,,,,,,,,,,,,9.9 [6.2-14.0],9.86850,6.21791,14.02492,,,
RS_198,Estimated road traffic death rate (per 100 000 population),https://www.who.int/data/gho/indicator-metadata-registry/imr-details/198,PUBLISHED,Published,,2009,2009,,AFR,Africa,,ZAF,2009,2009,South Africa,,BTSX,Both sexes,,,,,,,,,,,,,,,,,,,,28.6 [19.8-37.5],28.64492,19.80662,37.54865,,,
RS_198,Estimated road traffic death rate (per 100 000 population),https://www.who.int/data/gho/indicator-metadata-registry/imr-details/198,PUBLISHED,Published,,2011,2011,,AFR,Africa,,ZAF,2011,2011,South Africa,,FMLE,Female,,,,,,,,,,,,,,,,,,,,13.6 [7.3-20.9],13.56403,7.27773,20.87280,,,
RS_198,Estimated road traffic death rate (per 100 000 population),https://www.who.int/data/gho/indicator-metadata-registry/imr-details/198,PUBLISHED,Published,,2011,2011,,AFR,Africa,,ZAF,2011,2011,South Africa,,BTSX,Both sexes,,,,,,,,,,,,,,,,,,,,27.8 [18.8-37.1],27.79106,18.81333,37.12933,,,
RS_198,Estimated road traffic death rate (per 100 000 population),https://www.who.int/data/gho/indicator-metadata-registry/imr-details/198,PUBLISHED,Published,,2011,2011,,AFR,Africa,,ZAF,2011,2011,South Africa,,MLE,Male,,,,,,,,,,,,,,,,,,,,42.4 [30.7-53.8],42.39491,30.65447,53.81643,,,
RS_198,Estimated road traffic death rate (per 100 000 population),https://www.who.int/data/gho/indicator-metadata-registry/imr-details/198,PUBLISHED,Published,,2014,2014,,AFR,Africa,,ZAF,2014,2014,South Africa,,FMLE,Female,,,,,,,,,,,,,,,,,,,,11.0 [6.4-16.4],10.95707,6.42547,16.41676,,,
RS_198,Estimated road traffic death rate (per 100 000 population),https://www.who.int/data/gho/indicator-metadata-registry/imr-details/198,PUBLISHED,Published,,2016,2016,,AFR,Africa,,ZAF,2016,2016,South Africa,,BTSX,Both sexes,,,,,,,,,,,,,,,,,,,,25.8 [17.2-34.9],25.80965,17.22838,34.94324,,,
RS_198,Estimated road traffic death rate (per 100 000 population),https://www.who.int/data/gho/indicator-metadata-registry/imr-details/198,PUBLISHED,Published,,2001,2001,,AFR,Africa,,ZAF,2001,2001,South Africa,,FMLE,Female,,,,,,,,,,,,,,,,,,,,21.0 [14.1-28.4],21.03623,14.09979,28.37883,,,
RS_198,Estimated road traffic death rate (per 100 000 population),https://www.who.int/data/gho/indicator-metadata-registry/imr-details/198,PUBLISHED,Published,,2012,2012,,AFR,Africa,,ZAF,2012,2012,South Africa,,FMLE,Female,,,,,,,,,,,,,,,,,,,,12.6 [7.0-19.0],12.57060,7.00236,19.03060,,,
RS_198,Estimated road traffic death rate (per 100 000 population),https://www.who.int/data/gho/indicator-metadata-registry/imr-details/198,PUBLISHED,Published,,2017,2017,,AFR,Africa,,ZAF,2017,2017,South Africa,,MLE,Male,,,,,,,,,,,,,,,,,,,,36.7 [25.5-47.3],36.67241,25.45260,47.28803,,,
RS_198,Estimated road traffic death rate (per 100 000 population),https://www.who.int/data/gho/indicator-metadata-registry/imr-details/198,PUBLISHED,Published,,2004,2004,,AFR,Africa,,ZAF,2004,2004,South Africa,,BTSX,Both sexes,,,,,,,,,,,,,,,,,,,,41.3 [30.1-52.2],41.26669,30.07927,52.23827,,,
RS_198,Estimated road traffic death rate (per 100 000 population),https://www.who.int/data/gho/indicator-metadata-registry/imr-details/198,PUBLISHED,Published,,2001,2001,,AFR,Africa,,ZAF,2001,2001,South Africa,,BTSX,Both sexes,,,,,,,,,,,,,,,,,,,,38.3 [28.2-47.8],38.33840,28.20843,47.76832,,,
RS_198,Estimated road traffic death rate (per 100 000 population),https://www.who.int/data/gho/indicator-metadata-registry/imr-details/198,PUBLISHED,Published,,2010,2010,,AFR,Africa,,ZAF,2010,2010,South Africa,,BTSX,Both sexes,,,,,,,,,,,,,,,,,,,,28.6 [19.5-37.9],28.64041,19.52000,37.89127,,,
RS_198,Estimated road traffic death rate (per 100 000 population),https://www.who.int/data/gho/indicator-metadata-registry/imr-details/198,PUBLISHED,Published,,2016,2016,,AFR,Africa,,ZAF,2016,2016,South Africa,,FMLE,Female,,,,,,,,,,,,,,,,,,,,11.3 [6.6-17.4],11.25193,6.61678,17.41492,,,
RS_198,Estimated road traffic death rate (per 100 000 population),https://www.who.int/data/gho/indicator-metadata-registry/imr-details/198,PUBLISHED,Published,,2004,2004,,AFR,Africa,,ZAF,2004,2004,South Africa,,FMLE,Female,,,,,,,,,,,,,,,,,,,,23.4 [14.9-32.5],23.37798,14.92706,32.50450,,,
RS_198,Estimated road traffic death rate (per 100 000 population),https://www.who.int/data/gho/indicator-metadata-registry/imr-details/198,PUBLISHED,Published,,2004,2004,,AFR,Africa,,ZAF,2004,2004,South Africa,,MLE,Male,,,,,,,,,,,,,,,,,,,,59.7 [45.7-72.5],59.66228,45.66082,72.53121,,,
RS_198,Estimated road traffic death rate (per 100 000 population),https://www.who.int/data/gho/indicator-metadata-registry/imr-details/198,PUBLISHED,Published,,2013,2013,,AFR,Africa,,ZAF,2013,2013,South Africa,,MLE,Male,,,,,,,,,,,,,,,,,,,,35.3 [25.4-44.9],35.33105,25.35248,44.88557,,,
RS_198,Estimated road traffic death rate (per 100 000 population),https://www.who.int/data/gho/indicator-metadata-registry/imr-details/198,PUBLISHED,Published,,2019,2019,,AFR,Africa,,ZAF,2019,2019,South Africa,,MLE,Male,,,,,,,,,,,,,,,,,,,,34.9 [24.5-44.0],34.93933,24.53668,44.03224,,,
RS_198,Estimated road traffic death rate (per 100 000 population),https://www.who.int/data/gho/indicator-metadata-registry/imr-details/198,PUBLISHED,Published,,2002,2002,,AFR,Africa,,ZAF,2002,2002,South Africa,,BTSX,Both sexes,,,,,,,,,,,,,,,,,,,,39.9 [29.4-50.0],39.94464,29.38035,50.00692,,,
RS_198,Estimated road traffic death rate (per 100 000 population),https://www.who.int/data/gho/indicator-metadata-registry/imr-details/198,PUBLISHED,Published,,2003,2003,,AFR,Africa,,ZAF,2003,2003,South Africa,,BTSX,Both sexes,,,,,,,,,,,,,,,,,,,,43.4 [31.9-54.5],43.40895,31.94618,54.45810,,,
RS_198,Estimated road traffic death rate (per 100 000 population),https://www.who.int/data/gho/indicator-metadata-registry/imr-details/198,PUBLISHED,Published,,2013,2013,,AFR,Africa,,ZAF,2013,2013,South Africa,,FMLE,Female,,,,,,,,,,,,,,,,,,,,10.6 [6.0-16.1],10.64042,6.01835,16.14618,,,
RS_198,Estimated road traffic death rate (per 100 000 population),https://www.who.int/data/gho/indicator-metadata-registry/imr-details/198,PUBLISHED,Published,,2016,2016,,AFR,Africa,,ZAF,2016,2016,South Africa,,MLE,Male,,,,,,,,,,,,,,,,,,,,40.8 [28.1-52.9],40.75380,28.12165,52.93683,,,
RS_198,Estimated road traffic death rate (per 100 000 population),https://www.who.int/data/gho/indicator-metadata-registry/imr-details/198,PUBLISHED,Published,,2019,2019,,AFR,Africa,,ZAF,2019,2019,South Africa,,BTSX,Both sexes,,,,,,,,,,,,,,,,,,,,22.2 [15.2-28.8],22.22417,15.24596,28.81344,,,
RS_198,Estimated road traffic death rate (per 100 000 population),https://www.who.int/data/gho/indicator-metadata-registry/imr-details/198,PUBLISHED,Published,,2000,2000,,AFR,Africa,,ZAF,2000,2000,South Africa,,FMLE,Female,,,,,,,,,,,,,,,,,,,,24.2 [16.9-31.8],24.23064,16.89115,31.83299,,,
RS_198,Estimated road traffic death rate (per 100 000 population),https://www.who.int/data/gho/indicator-metadata-registry/imr-details/198,PUBLISHED,Published,,2009,2009,,AFR,Africa,,ZAF,2009,2009,South Africa,,FMLE,Female,,,,,,,,,,,,,,,,,,,,14.3 [7.8-21.5],14.34536,7.79313,21.46546,,,
RS_198,Estimated road traffic death rate (per 100 000 population),https://www.who.int/data/gho/indicator-metadata-registry/imr-details/198,PUBLISHED,Published,,2008,2008,,AFR,Africa,,ZAF,2008,2008,South Africa,,BTSX,Both sexes,,,,,,,,,,,,,,,,,,,,29.5 [20.6-38.4],29.49501,20.58745,38.41458,,,
RS_198,Estimated road traffic death rate (per 100 000 population),https://www.who.int/data/gho/indicator-metadata-registry/imr-details/198,PUBLISHED,Published,,2017,2017,,AFR,Africa,,ZAF,2017,2017,South Africa,,BTSX,Both sexes,,,,,,,,,,,,,,,,,,,,23.2 [15.6-31.0],23.17564,15.58258,31.03796,,,
RS_198,Estimated road traffic death rate (per 100 000 population),https://www.who.int/data/gho/indicator-metadata-registry/imr-details/198,PUBLISHED,Published,,2003,2003,,AFR,Africa,,ZAF,2003,2003,South Africa,,FMLE,Female,,,,,,,,,,,,,,,,,,,,24.4 [15.9-33.3],24.36923,15.90284,33.33954,,,
RS_198,Estimated road traffic death rate (per 100 000 population),https://www.who.int/data/gho/indicator-metadata-registry/imr-details/198,PUBLISHED,Published,,2018,2018,,AFR,Africa,,ZAF,2018,2018,South Africa,,FMLE,Female,,,,,,,,,,,,,,,,,,,,10.0 [5.8-14.5],9.98122,5.84164,14.53322,,,
RS_198,Estimated road traffic death rate (per 100 000 population),https://www.who.int/data/gho/indicator-metadata-registry/imr-details/198,PUBLISHED,Published,,2007,2007,,AFR,Africa,,ZAF,2007,2007,South Africa,,FMLE,Female,,,,,,,,,,,,,,,,,,,,17.2 [10.0-25.3],17.24001,10.02176,25.25810,,,
RS_198,Estimated road traffic death rate (per 100 000 population),https://www.who.int/data/gho/indicator-metadata-registry/imr-details/198,PUBLISHED,Published,,2005,2005,,AFR,Africa,,ZAF,2005,2005,South Africa,,MLE,Male,,,,,,,,,,,,,,,,,,,,55.4 [42.5-67.8],55.43976,42.51051,67.78488,,,
RS_198,Estimated road traffic death rate (per 100 000 population),https://www.who.int/data/gho/indicator-metadata-registry/imr-details/198,PUBLISHED,Published,,2002,2002,,AFR,Africa,,ZAF,2002,2002,South Africa,,FMLE,Female,,,,,,,,,,,,,,,,,,,,22.3 [14.7-30.4],22.30965,14.68850,30.41943,,,
RS_198,Estimated road traffic death rate (per 100 000 population),https://www.who.int/data/gho/indicator-metadata-registry/imr-details/198,PUBLISHED,Published,,2006,2006,,AFR,Africa,,ZAF,2006,2006,South Africa,,MLE,Male,,,,,,,,,,,,,,,,,,,,60.1 [45.5-73.7],60.08333,45.49070,73.74227,,,
RS_198,Estimated road traffic death rate (per 100 000 population),https://www.who.int/data/gho/indicator-metadata-registry/imr-details/198,PUBLISHED,Published,,2005,2005,,AFR,Africa,,ZAF,2005,2005,South Africa,,FMLE,Female,,,,,,,,,,,,,,,,,,,,21.1 [13.1-29.9],21.13997,13.07954,29.87868,,,
RS_198,Estimated road traffic death rate (per 100 000 population),https://www.who.int/data/gho/indicator-metadata-registry/imr-details/198,PUBLISHED,Published,,2007,2007,,AFR,Africa,,ZAF,2007,2007,South Africa,,BTSX,Both sexes,,,,,,,,,,,,,,,,,,,,32.4 [23.1-42.1],32.43917,23.05064,42.10196,,,
RS_198,Estimated road traffic death rate (per 100 000 population),https://www.who.int/data/gho/indicator-metadata-registry/imr-details/198,PUBLISHED,Published,,2015,2015,,AFR,Africa,,ZAF,2015,2015,South Africa,,BTSX,Both sexes,,,,,,,,,,,,,,,,,,,,24.1 [16.4-32.1],24.09438,16.36334,32.07493,,,
VIOLENCE_HOMICIDENUM,Estimates of number of homicides,https://www.who.int/data/gho/indicator-metadata-registry/imr-details/4464,PUBLISHED,Published,,2010,2010,,AFR,Africa,,ZAF,2010,2010,South Africa,,MLE,Male,,,,,,,,,,,,,,,,,,,,15257 [11937-18697],15257.47000,11936.72000,18697.49000,,,
VIOLENCE_HOMICIDENUM,Estimates of number of homicides,https://www.who.int/data/gho/indicator-metadata-registry/imr-details/4464,PUBLISHED,Published,,2003,2003,,AFR,Africa,,ZAF,2003,2003,South Africa,,BTSX,Both sexes,,,,,,,,,,,,,,,,,,,,22852 [17677-28559],22851.64000,17676.76000,28558.74000,,,
VIOLENCE_HOMICIDENUM,Estimates of number of homicides,https://www.who.int/data/gho/indicator-metadata-registry/imr-details/4464,PUBLISHED,Published,,2005,2005,,AFR,Africa,,ZAF,2005,2005,South Africa,,FMLE,Female,,,,,,,,,,,,,,,,,,,,4562 [2816-6611],4561.62700,2816.44700,6610.83700,,,
VIOLENCE_HOMICIDENUM,Estimates of number of homicides,https://www.who.int/data/gho/indicator-metadata-registry/imr-details/4464,PUBLISHED,Published,,2014,2014,,AFR,Africa,,ZAF,2014,2014,South Africa,,MLE,Male,,,,,,,,,,,,,,,,,,,,16519 [12691-20383],16518.97000,12690.89000,20383.45000,,,
VIOLENCE_HOMICIDENUM,Estimates of number of homicides,https://www.who.int/data/gho/indicator-metadata-registry/imr-details/4464,PUBLISHED,Published,,2010,2010,,AFR,Africa,,ZAF,2010,2010,South Africa,,FMLE,Female,,,,,,,,,,,,,,,,,,,,3849 [2138-5762],3849.37700,2137.99500,5762.37200,,,
VIOLENCE_HOMICIDENUM,Estimates of number of homicides,https://www.who.int/data/gho/indicator-metadata-registry/imr-details/4464,PUBLISHED,Published,,2010,2010,,AFR,Africa,,ZAF,2010,2010,South Africa,,BTSX,Both sexes,,,,,,,,,,,,,,,,,,,,19107 [14075-24460],19106.85000,14074.71000,24459.86000,,,
VIOLENCE_HOMICIDENUM,Estimates of number of homicides,https://www.who.int/data/gho/indicator-metadata-registry/imr-details/4464,PUBLISHED,Published,,2019,2019,,AFR,Africa,,ZAF,2019,2019,South Africa,,MLE,Male,,,,,,,,,,,,,,,,,,,,16948 [13058-21497],16947.67000,13058.41000,21496.97000,,,
VIOLENCE_HOMICIDENUM,Estimates of number of homicides,https://www.who.int/data/gho/indicator-metadata-registry/imr-details/4464,PUBLISHED,Published,,2012,2012,,AFR,Africa,,ZAF,2012,2012,South Africa,,MLE,Male,,,,,,,,,,,,,,,,,,,,15451 [11933-19038],15451.31000,11932.79000,19037.92000,,,
VIOLENCE_HOMICIDENUM,Estimates of number of homicides,https://www.who.int/data/gho/indicator-metadata-registry/imr-details/4464,PUBLISHED,Published,,2014,2014,,AFR,Africa,,ZAF,2014,2014,South Africa,,BTSX,Both sexes,,,,,,,,,,,,,,,,,,,,20343 [14822-26392],20342.70000,14822.42000,26391.60000,,,
VIOLENCE_HOMICIDENUM,Estimates of number of homicides,https://www.who.int/data/gho/indicator-metadata-registry/imr-details/4464,PUBLISHED,Published,,2019,2019,,AFR,Africa,,ZAF,2019,2019,South Africa,,FMLE,Female,,,,,,,,,,,,,,,,,,,,4052 [2550-5869],4051.90500,2550.43600,5868.88800,,,
VIOLENCE_HOMICIDENUM,Estimates of number of homicides,https://www.who.int/data/gho/indicator-metadata-registry/imr-details/4464,PUBLISHED,Published,,2009,2009,,AFR,Africa,,ZAF,2009,2009,South Africa,,BTSX,Both sexes,,,,,,,,,,,,,,,,,,,,19765 [14693-25417],19765.24000,14692.89000,25416.96000,,,
VIOLENCE_HOMICIDENUM,Estimates of number of homicides,https://www.who.int/data/gho/indicator-metadata-registry/imr-details/4464,PUBLISHED,Published,,2004,2004,,AFR,Africa,,ZAF,2004,2004,South Africa,,MLE,Male,,,,,,,,,,,,,,,,,,,,17924 [14406-21801],17923.70000,14406.40000,21800.53000,,,
VIOLENCE_HOMICIDENUM,Estimates of number of homicides,https://www.who.int/data/gho/indicator-metadata-registry/imr-details/4464,PUBLISHED,Published,,2016,2016,,AFR,Africa,,ZAF,2016,2016,South Africa,,BTSX,Both sexes,,,,,,,,,,,,,,,,,,,,21688 [15192-29361],21688.39000,15191.67000,29360.61000,,,
VIOLENCE_HOMICIDENUM,Estimates of number of homicides,https://www.who.int/data/gho/indicator-metadata-registry/imr-details/4464,PUBLISHED,Published,,2005,2005,,AFR,Africa,,ZAF,2005,2005,South Africa,,MLE,Male,,,,,,,,,,,,,,,,,,,,17498 [14021-21276],17497.55000,14020.85000,21276.12000,,,
VIOLENCE_HOMICIDENUM,Estimates of number of homicides,https://www.who.int/data/gho/indicator-metadata-registry/imr-details/4464,PUBLISHED,Published,,2014,2014,,AFR,Africa,,ZAF,2014,2014,South Africa,,FMLE,Female,,,,,,,,,,,,,,,,,,,,3824 [2132-6008],3823.73100,2131.52900,6008.14200,,,
VIOLENCE_HOMICIDENUM,Estimates of number of homicides,https://www.who.int/data/gho/indicator-metadata-registry/imr-details/4464,PUBLISHED,Published,,2007,2007,,AFR,Africa,,ZAF,2007,2007,South Africa,,BTSX,Both sexes,,,,,,,,,,,,,,,,,,,,21520 [16092-27576],21520.49000,16092.05000,27575.67000,,,
VIOLENCE_HOMICIDENUM,Estimates of number of homicides,https://www.who.int/data/gho/indicator-metadata-registry/imr-details/4464,PUBLISHED,Published,,2013,2013,,AFR,Africa,,ZAF,2013,2013,South Africa,,MLE,Male,,,,,,,,,,,,,,,,,,,,15944 [12256-19589],15943.94000,12255.71000,19588.90000,,,
VIOLENCE_HOMICIDENUM,Estimates of number of homicides,https://www.who.int/data/gho/indicator-metadata-registry/imr-details/4464,PUBLISHED,Published,,2008,2008,,AFR,Africa,,ZAF,2008,2008,South Africa,,FMLE,Female,,,,,,,,,,,,,,,,,,,,4357 [2460-6523],4357.29500,2460.34300,6523.16700,,,
VIOLENCE_HOMICIDENUM,Estimates of number of homicides,https://www.who.int/data/gho/indicator-metadata-registry/imr-details/4464,PUBLISHED,Published,,2003,2003,,AFR,Africa,,ZAF,2003,2003,South Africa,,MLE,Male,,,,,,,,,,,,,,,,,,,,18054 [14606-21825],18053.60000,14605.82000,21825.01000,,,
VIOLENCE_HOMICIDENUM,Estimates of number of homicides,https://www.who.int/data/gho/indicator-metadata-registry/imr-details/4464,PUBLISHED,Published,,2013,2013,,AFR,Africa,,ZAF,2013,2013,South Africa,,FMLE,Female,,,,,,,,,,,,,,,,,,,,3732 [2057-5821],3732.21100,2057.07700,5821.32700,,,
VIOLENCE_HOMICIDENUM,Estimates of number of homicides,https://www.who.int/data/gho/indicator-metadata-registry/imr-details/4464,PUBLISHED,Published,,2006,2006,,AFR,Africa,,ZAF,2006,2006,South Africa,,MLE,Male,,,,,,,,,,,,,,,,,,,,17205 [13699-21087],17204.92000,13698.83000,21087.13000,,,
VIOLENCE_HOMICIDENUM,Estimates of number of homicides,https://www.who.int/data/gho/indicator-metadata-registry/imr-details/4464,PUBLISHED,Published,,2000,2000,,AFR,Africa,,ZAF,2000,2000,South Africa,,FMLE,Female,,,,,,,,,,,,,,,,,,,,5094 [3528-6754],5093.93100,3527.90800,6754.26000,,,
VIOLENCE_HOMICIDENUM,Estimates of number of homicides,https://www.who.int/data/gho/indicator-metadata-registry/imr-details/4464,PUBLISHED,Published,,2004,2004,,AFR,Africa,,ZAF,2004,2004,South Africa,,BTSX,Both sexes,,,,,,,,,,,,,,,,,,,,22559 [17317-28424],22559.09000,17316.61000,28423.85000,,,
VIOLENCE_HOMICIDENUM,Estimates of number of homicides,https://www.who.int/data/gho/indicator-metadata-registry/imr-details/4464,PUBLISHED,Published,,2001,2001,,AFR,Africa,,ZAF,2001,2001,South Africa,,MLE,Male,,,,,,,,,,,,,,,,,,,,19014 [15500-22815],19014.48000,15499.67000,22814.54000,,,
VIOLENCE_HOMICIDENUM,Estimates of number of homicides,https://www.who.int/data/gho/indicator-metadata-registry/imr-details/4464,PUBLISHED,Published,,2003,2003,,AFR,Africa,,ZAF,2003,2003,South Africa,,FMLE,Female,,,,,,,,,,,,,,,,,,,,4798 [3071-6734],4798.04300,3070.94900,6733.72100,,,
VIOLENCE_HOMICIDENUM,Estimates of number of homicides,https://www.who.int/data/gho/indicator-metadata-registry/imr-details/4464,PUBLISHED,Published,,2015,2015,,AFR,Africa,,ZAF,2015,2015,South Africa,,FMLE,Female,,,,,,,,,,,,,,,,,,,,3960 [2167-6396],3959.70900,2166.56800,6396.30800,,,
RS_198,Estimated road traffic death rate (per 100 000 population),https://www.who.int/data/gho/indicator-metadata-registry/imr-details/198,PUBLISHED,Published,,2017,2017,,AFR,Africa,,ZAF,2017,2017,South Africa,,FMLE,Female,,,,,,,,,,,,,,,,,,,,10.0 [6.0-15.2],10.03716,5.97457,15.21926,,,
RS_198,Estimated road traffic death rate (per 100 000 population),https://www.who.int/data/gho/indicator-metadata-registry/imr-details/198,PUBLISHED,Published,,2006,2006,,AFR,Africa,,ZAF,2006,2006,South Africa,,FMLE,Female,,,,,,,,,,,,,,,,,,,,22.6 [13.6-32.3],22.56805,13.61279,32.27864,,,
RS_198,Estimated road traffic death rate (per 100 000 population),https://www.who.int/data/gho/indicator-metadata-registry/imr-details/198,PUBLISHED,Published,,2002,2002,,AFR,Africa,,ZAF,2002,2002,South Africa,,MLE,Male,,,,,,,,,,,,,,,,,,,,58.1 [44.5-70.1],58.07955,44.48870,70.14967,,,
RS_198,Estimated road traffic death rate (per 100 000 population),https://www.who.int/data/gho/indicator-metadata-registry/imr-details/198,PUBLISHED,Published,,2010,2010,,AFR,Africa,,ZAF,2010,2010,South Africa,,FMLE,Female,,,,,,,,,,,,,,,,,,,,14.3 [7.7-21.7],14.31922,7.65923,21.65771,,,
RS_198,Estimated road traffic death rate (per 100 000 population),https://www.who.int/data/gho/indicator-metadata-registry/imr-details/198,PUBLISHED,Published,,2018,2018,,AFR,Africa,,ZAF,2018,2018,South Africa,,BTSX,Both sexes,,,,,,,,,,,,,,,,,,,,22.7 [15.5-29.7],22.69888,15.46388,29.67032,,,
RS_198,Estimated road traffic death rate (per 100 000 population),https://www.who.int/data/gho/indicator-metadata-registry/imr-details/198,PUBLISHED,Published,,2000,2000,,AFR,Africa,,ZAF,2000,2000,South Africa,,MLE,Male,,,,,,,,,,,,,,,,,,,,64.3 [48.8-76.7],64.30139,48.78471,76.70318,,,
RS_198,Estimated road traffic death rate (per 100 000 population),https://www.who.int/data/gho/indicator-metadata-registry/imr-details/198,PUBLISHED,Published,,2008,2008,,AFR,Africa,,ZAF,2008,2008,South Africa,,MLE,Male,,,,,,,,,,,,,,,,,,,,43.9 [32.9-54.3],43.86527,32.87883,54.29942,,,
RS_198,Estimated road traffic death rate (per 100 000 population),https://www.who.int/data/gho/indicator-metadata-registry/imr-details/198,PUBLISHED,Published,,2005,2005,,AFR,Africa,,ZAF,2005,2005,South Africa,,BTSX,Both sexes,,,,,,,,,,,,,,,,,,,,38.1 [27.6-48.6],38.05143,27.59044,48.56828,,,
RS_198,Estimated road traffic death rate (per 100 000 population),https://www.who.int/data/gho/indicator-metadata-registry/imr-details/198,PUBLISHED,Published,,2015,2015,,AFR,Africa,,ZAF,2015,2015,South Africa,,FMLE,Female,,,,,,,,,,,,,,,,,,,,10.7 [6.3-16.2],10.65896,6.29154,16.18658,,,
RS_198,Estimated road traffic death rate (per 100 000 population),https://www.who.int/data/gho/indicator-metadata-registry/imr-details/198,PUBLISHED,Published,,2012,2012,,AFR,Africa,,ZAF,2012,2012,South Africa,,BTSX,Both sexes,,,,,,,,,,,,,,,,,,,,26.5 [18.0-35.1],26.45960,17.99586,35.11060,,,
RS_198,Estimated road traffic death rate (per 100 000 population),https://www.who.int/data/gho/indicator-metadata-registry/imr-details/198,PUBLISHED,Published,,2001,2001,,AFR,Africa,,ZAF,2001,2001,South Africa,,MLE,Male,,,,,,,,,,,,,,,,,,,,56.1 [42.7-67.7],56.12976,42.71597,67.70601,,,
RS_198,Estimated road traffic death rate (per 100 000 population),https://www.who.int/data/gho/indicator-metadata-registry/imr-details/198,PUBLISHED,Published,,2013,2013,,AFR,Africa,,ZAF,2013,2013,South Africa,,BTSX,Both sexes,,,,,,,,,,,,,,,,,,,,22.8 [15.6-30.3],22.82788,15.56180,30.33213,,,
RS_198,Estimated road traffic death rate (per 100 000 population),https://www.who.int/data/gho/indicator-metadata-registry/imr-details/198,PUBLISHED,Published,,2014,2014,,AFR,Africa,,ZAF,2014,2014,South Africa,,MLE,Male,,,,,,,,,,,,,,,,,,,,37.4 [26.6-47.4],37.40018,26.59877,47.39228,,,
RS_198,Estimated road traffic death rate (per 100 000 population),https://www.who.int/data/gho/indicator-metadata-registry/imr-details/198,PUBLISHED,Published,,2014,2014,,AFR,Africa,,ZAF,2014,2014,South Africa,,BTSX,Both sexes,,,,,,,,,,,,,,,,,,,,24.0 [16.4-31.7],24.00989,16.38339,31.70687,,,
RS_198,Estimated road traffic death rate (per 100 000 population),https://www.who.int/data/gho/indicator-metadata-registry/imr-details/198,PUBLISHED,Published,,2015,2015,,AFR,Africa,,ZAF,2015,2015,South Africa,,MLE,Male,,,,,,,,,,,,,,,,,,,,37.9 [26.7-48.4],37.87990,26.69760,48.37731,,,
RS_198,Estimated road traffic death rate (per 100 000 population),https://www.who.int/data/gho/indicator-metadata-registry/imr-details/198,PUBLISHED,Published,,2008,2008,,AFR,Africa,,ZAF,2008,2008,South Africa,,FMLE,Female,,,,,,,,,,,,,,,,,,,,15.5 [8.6-23.0],15.50882,8.62457,22.95429,,,
RS_198,Estimated road traffic death rate (per 100 000 population),https://www.who.int/data/gho/indicator-metadata-registry/imr-details/198,PUBLISHED,Published,,2006,2006,,AFR,Africa,,ZAF,2006,2006,South Africa,,BTSX,Both sexes,,,,,,,,,,,,,,,,,,,,41.1 [29.3-52.7],41.06681,29.33177,52.72433,,,
RS_198,Estimated road traffic death rate (per 100 000 population),https://www.who.int/data/gho/indicator-metadata-registry/imr-details/198,PUBLISHED,Published,,2000,2000,,AFR,Africa,,ZAF,2000,2000,South Africa,,BTSX,Both sexes,,,,,,,,,,,,,,,,,,,,44.0 [32.6-54.0],43.98777,32.61646,53.95651,,,
RS_198,Estimated road traffic death rate (per 100 000 population),https://www.who.int/data/gho/indicator-metadata-registry/imr-details/198,PUBLISHED,Published,,2018,2018,,AFR,Africa,,ZAF,2018,2018,South Africa,,MLE,Male,,,,,,,,,,,,,,,,,,,,35.8 [25.4-45.2],35.77463,25.35705,45.23363,,,
RS_198,Estimated road traffic death rate (per 100 000 population),https://www.who.int/data/gho/indicator-metadata-registry/imr-details/198,PUBLISHED,Published,,2003,2003,,AFR,Africa,,ZAF,2003,2003,South Africa,,MLE,Male,,,,,,,,,,,,,,,,,,,,63.0 [48.4-76.2],62.98902,48.44482,76.17601,,,
RS_198,Estimated road traffic death rate (per 100 000 population),https://www.who.int/data/gho/indicator-metadata-registry/imr-details/198,PUBLISHED,Published,,2009,2009,,AFR,Africa,,ZAF,2009,2009,South Africa,,MLE,Male,,,,,,,,,,,,,,,,,,,,43.3 [32.1-54.1],43.33274,32.14631,54.06853,,,
RS_198,Estimated road traffic death rate (per 100 000 population),https://www.who.int/data/gho/indicator-metadata-registry/imr-details/198,PUBLISHED,Published,,2012,2012,,AFR,Africa,,ZAF,2012,2012,South Africa,,MLE,Male,,,,,,,,,,,,,,,,,,,,40.7 [29.3-51.6],40.71178,29.27686,51.61109,,,
RS_198,Estimated road traffic death rate (per 100 000 population),https://www.who.int/data/gho/indicator-metadata-registry/imr-details/198,PUBLISHED,Published,,2010,2010,,AFR,Africa,,ZAF,2010,2010,South Africa,,MLE,Male,,,,,,,,,,,,,,,,,,,,43.3 [31.7-54.6],43.34582,31.69899,54.56036,,,
VIOLENCE_HOMICIDENUM,Estimates of number of homicides,https://www.who.int/data/gho/indicator-metadata-registry/imr-details/4464,PUBLISHED,Published,,2011,2011,,AFR,Africa,,ZAF,2011,2011,South Africa,,BTSX,Both sexes,,,,,,,,,,,,,,,,,,,,18813 [13692-24330],18813.40000,13691.93000,24329.90000,,,
VIOLENCE_HOMICIDENUM,Estimates of number of homicides,https://www.who.int/data/gho/indicator-metadata-registry/imr-details/4464,PUBLISHED,Published,,2011,2011,,AFR,Africa,,ZAF,2011,2011,South Africa,,FMLE,Female,,,,,,,,,,,,,,,,,,,,3676 [1986-5641],3675.90700,1985.83000,5640.88200,,,
VIOLENCE_HOMICIDENUM,Estimates of number of homicides,https://www.who.int/data/gho/indicator-metadata-registry/imr-details/4464,PUBLISHED,Published,,2007,2007,,AFR,Africa,,ZAF,2007,2007,South Africa,,FMLE,Female,,,,,,,,,,,,,,,,,,,,4497 [2591-6706],4497.16500,2591.22200,6706.22000,,,
VIOLENCE_HOMICIDENUM,Estimates of number of homicides,https://www.who.int/data/gho/indicator-metadata-registry/imr-details/4464,PUBLISHED,Published,,2018,2018,,AFR,Africa,,ZAF,2018,2018,South Africa,,MLE,Male,,,,,,,,,,,,,,,,,,,,16977 [13005-21379],16977.18000,13005.02000,21379.36000,,,
VIOLENCE_HOMICIDENUM,Estimates of number of homicides,https://www.who.int/data/gho/indicator-metadata-registry/imr-details/4464,PUBLISHED,Published,,2017,2017,,AFR,Africa,,ZAF,2017,2017,South Africa,,BTSX,Both sexes,,,,,,,,,,,,,,,,,,,,22428 [15713-30288],22428.44000,15712.67000,30288.18000,,,
VIOLENCE_HOMICIDENUM,Estimates of number of homicides,https://www.who.int/data/gho/indicator-metadata-registry/imr-details/4464,PUBLISHED,Published,,2002,2002,,AFR,Africa,,ZAF,2002,2002,South Africa,,BTSX,Both sexes,,,,,,,,,,,,,,,,,,,,23760 [18468-29521],23759.73000,18467.65000,29521.07000,,,
VIOLENCE_HOMICIDENUM,Estimates of number of homicides,https://www.who.int/data/gho/indicator-metadata-registry/imr-details/4464,PUBLISHED,Published,,2012,2012,,AFR,Africa,,ZAF,2012,2012,South Africa,,FMLE,Female,,,,,,,,,,,,,,,,,,,,3695 [2030-5725],3695.47300,2030.41400,5724.55100,,,
VIOLENCE_HOMICIDENUM,Estimates of number of homicides,https://www.who.int/data/gho/indicator-metadata-registry/imr-details/4464,PUBLISHED,Published,,2006,2006,,AFR,Africa,,ZAF,2006,2006,South Africa,,BTSX,Both sexes,,,,,,,,,,,,,,,,,,,,21833 [16484-27868],21833.18000,16483.77000,27868.01000,,,
VIOLENCE_HOMICIDENUM,Estimates of number of homicides,https://www.who.int/data/gho/indicator-metadata-registry/imr-details/4464,PUBLISHED,Published,,2017,2017,,AFR,Africa,,ZAF,2017,2017,South Africa,,FMLE,Female,,,,,,,,,,,,,,,,,,,,4269 [2359-6909],4268.61500,2358.78300,6908.76900,,,
VIOLENCE_HOMICIDENUM,Estimates of number of homicides,https://www.who.int/data/gho/indicator-metadata-registry/imr-details/4464,PUBLISHED,Published,,2016,2016,,AFR,Africa,,ZAF,2016,2016,South Africa,,FMLE,Female,,,,,,,,,,,,,,,,,,,,4079 [2192-6858],4078.73400,2191.62200,6858.23300,,,
VIOLENCE_HOMICIDENUM,Estimates of number of homicides,https://www.who.int/data/gho/indicator-metadata-registry/imr-details/4464,PUBLISHED,Published,,2007,2007,,AFR,Africa,,ZAF,2007,2007,South Africa,,MLE,Male,,,,,,,,,,,,,,,,,,,,17023 [13501-20869],17023.32000,13500.83000,20869.45000,,,
VIOLENCE_HOMICIDERATE,Estimates of rates of homicides per 100 000 population,https://www.who.int/data/gho/indicator-metadata-registry/imr-details/4465,PUBLISHED,Published,,2010,2010,,AFR,Africa,,ZAF,2010,2010,South Africa,,BTSX,Both sexes,,,,,,,,,,,,,,,,,,,,37.3 [27.5-47.8],37.30570,27.48057,47.75735,,,
VIOLENCE_HOMICIDERATE,Estimates of rates of homicides per 100 000 population,https://www.who.int/data/gho/indicator-metadata-registry/imr-details/4465,PUBLISHED,Published,,2009,2009,,AFR,Africa,,ZAF,2009,2009,South Africa,,MLE,Male,,,,,,,,,,,,,,,,,,,,62.8 [49.7-77.3],62.84627,49.74588,77.31063,,,
VIOLENCE_HOMICIDERATE,Estimates of rates of homicides per 100 000 population,https://www.who.int/data/gho/indicator-metadata-registry/imr-details/4465,PUBLISHED,Published,,2019,2019,,AFR,Africa,,ZAF,2019,2019,South Africa,,BTSX,Both sexes,,,,,,,,,,,,,,,,,,,,35.9 [26.7-46.7],35.86099,26.65525,46.73270,,,
VIOLENCE_HOMICIDERATE,Estimates of rates of homicides per 100 000 population,https://www.who.int/data/gho/indicator-metadata-registry/imr-details/4465,PUBLISHED,Published,,2007,2007,,AFR,Africa,,ZAF,2007,2007,South Africa,,BTSX,Both sexes,,,,,,,,,,,,,,,,,,,,43.8 [32.8-56.1],43.81228,32.76085,56.13965,,,
VIOLENCE_HOMICIDERATE,Estimates of rates of homicides per 100 000 population,https://www.who.int/data/gho/indicator-metadata-registry/imr-details/4465,PUBLISHED,Published,,2003,2003,,AFR,Africa,,ZAF,2003,2003,South Africa,,MLE,Male,,,,,,,,,,,,,,,,,,,,78.4 [63.4-94.8],78.38224,63.41320,94.75636,,,
RS_198,Estimated road traffic death rate (per 100 000 population),https://www.who.int/data/gho/indicator-metadata-registry/imr-details/198,PUBLISHED,Published,,2007,2007,,AFR,Africa,,ZAF,2007,2007,South Africa,,MLE,Male,,,,,,,,,,,,,,,,,,,,48.1 [36.4-59.4],48.05996,36.44096,59.41308,,,
VIOLENCE_HOMICIDENUM,Estimates of number of homicides,https://www.who.int/data/gho/indicator-metadata-registry/imr-details/4464,PUBLISHED,Published,,2016,2016,,AFR,Africa,,ZAF,2016,2016,South Africa,,MLE,Male,,,,,,,,,,,,,,,,,,,,17610 [13000-22502],17609.66000,13000.04000,22502.38000,,,
VIOLENCE_HOMICIDENUM,Estimates of number of homicides,https://www.who.int/data/gho/indicator-metadata-registry/imr-details/4464,PUBLISHED,Published,,2008,2008,,AFR,Africa,,ZAF,2008,2008,South Africa,,MLE,Male,,,,,,,,,,,,,,,,,,,,16199 [12858-19912],16198.70000,12858.03000,19911.81000,,,
VIOLENCE_HOMICIDENUM,Estimates of number of homicides,https://www.who.int/data/gho/indicator-metadata-registry/imr-details/4464,PUBLISHED,Published,,2001,2001,,AFR,Africa,,ZAF,2001,2001,South Africa,,BTSX,Both sexes,,,,,,,,,,,,,,,,,,,,24059 [18818-29667],24058.50000,18817.98000,29666.99000,,,
VIOLENCE_HOMICIDENUM,Estimates of number of homicides,https://www.who.int/data/gho/indicator-metadata-registry/imr-details/4464,PUBLISHED,Published,,2002,2002,,AFR,Africa,,ZAF,2002,2002,South Africa,,FMLE,Female,,,,,,,,,,,,,,,,,,,,5022 [3260-6930],5021.62100,3259.51600,6930.14500,,,
VIOLENCE_HOMICIDENUM,Estimates of number of homicides,https://www.who.int/data/gho/indicator-metadata-registry/imr-details/4464,PUBLISHED,Published,,2000,2000,,AFR,Africa,,ZAF,2000,2000,South Africa,,MLE,Male,,,,,,,,,,,,,,,,,,,,19103 [15652-22861],19102.62000,15651.83000,22860.78000,,,
VIOLENCE_HOMICIDENUM,Estimates of number of homicides,https://www.who.int/data/gho/indicator-metadata-registry/imr-details/4464,PUBLISHED,Published,,2005,2005,,AFR,Africa,,ZAF,2005,2005,South Africa,,BTSX,Both sexes,,,,,,,,,,,,,,,,,,,,22059 [16837-27887],22059.17000,16837.30000,27886.95000,,,
VIOLENCE_HOMICIDENUM,Estimates of number of homicides,https://www.who.int/data/gho/indicator-metadata-registry/imr-details/4464,PUBLISHED,Published,,2019,2019,,AFR,Africa,,ZAF,2019,2019,South Africa,,BTSX,Both sexes,,,,,,,,,,,,,,,,,,,,21000 [15609-27366],20999.58000,15608.85000,27365.86000,,,
VIOLENCE_HOMICIDENUM,Estimates of number of homicides,https://www.who.int/data/gho/indicator-metadata-registry/imr-details/4464,PUBLISHED,Published,,2015,2015,,AFR,Africa,,ZAF,2015,2015,South Africa,,MLE,Male,,,,,,,,,,,,,,,,,,,,17114 [13034-21340],17113.69000,13033.90000,21339.74000,,,
VIOLENCE_HOMICIDENUM,Estimates of number of homicides,https://www.who.int/data/gho/indicator-metadata-registry/imr-details/4464,PUBLISHED,Published,,2009,2009,,AFR,Africa,,ZAF,2009,2009,South Africa,,FMLE,Female,,,,,,,,,,,,,,,,,,,,4116 [2306-6166],4116.23400,2305.93500,6166.25600,,,
VIOLENCE_HOMICIDENUM,Estimates of number of homicides,https://www.who.int/data/gho/indicator-metadata-registry/imr-details/4464,PUBLISHED,Published,,2000,2000,,AFR,Africa,,ZAF,2000,2000,South Africa,,BTSX,Both sexes,,,,,,,,,,,,,,,,,,,,24197 [19180-29615],24196.55000,19179.73000,29615.04000,,,
VIOLENCE_HOMICIDENUM,Estimates of number of homicides,https://www.who.int/data/gho/indicator-metadata-registry/imr-details/4464,PUBLISHED,Published,,2002,2002,,AFR,Africa,,ZAF,2002,2002,South Africa,,MLE,Male,,,,,,,,,,,,,,,,,,,,18738 [15208-22591],18738.11000,15208.14000,22590.93000,,,
VIOLENCE_HOMICIDENUM,Estimates of number of homicides,https://www.who.int/data/gho/indicator-metadata-registry/imr-details/4464,PUBLISHED,Published,,2004,2004,,AFR,Africa,,ZAF,2004,2004,South Africa,,FMLE,Female,,,,,,,,,,,,,,,,,,,,4635 [2910-6623],4635.39500,2910.20900,6623.32000,,,
VIOLENCE_HOMICIDENUM,Estimates of number of homicides,https://www.who.int/data/gho/indicator-metadata-registry/imr-details/4464,PUBLISHED,Published,,2013,2013,,AFR,Africa,,ZAF,2013,2013,South Africa,,BTSX,Both sexes,,,,,,,,,,,,,,,,,,,,19676 [14313-25410],19676.15000,14312.79000,25410.23000,,,
VIOLENCE_HOMICIDENUM,Estimates of number of homicides,https://www.who.int/data/gho/indicator-metadata-registry/imr-details/4464,PUBLISHED,Published,,2011,2011,,AFR,Africa,,ZAF,2011,2011,South Africa,,MLE,Male,,,,,,,,,,,,,,,,,,,,15137 [11706-18689],15137.49000,11706.10000,18689.02000,,,
VIOLENCE_HOMICIDENUM,Estimates of number of homicides,https://www.who.int/data/gho/indicator-metadata-registry/imr-details/4464,PUBLISHED,Published,,2018,2018,,AFR,Africa,,ZAF,2018,2018,South Africa,,FMLE,Female,,,,,,,,,,,,,,,,,,,,4032 [2387-5962],4031.62100,2387.38900,5962.43100,,,
VIOLENCE_HOMICIDENUM,Estimates of number of homicides,https://www.who.int/data/gho/indicator-metadata-registry/imr-details/4464,PUBLISHED,Published,,2018,2018,,AFR,Africa,,ZAF,2018,2018,South Africa,,BTSX,Both sexes,,,,,,,,,,,,,,,,,,,,21009 [15392-27342],21008.80000,15392.41000,27341.80000,,,
VIOLENCE_HOMICIDENUM,Estimates of number of homicides,https://www.who.int/data/gho/indicator-metadata-registry/imr-details/4464,PUBLISHED,Published,,2008,2008,,AFR,Africa,,ZAF,2008,2008,South Africa,,BTSX,Both sexes,,,,,,,,,,,,,,,,,,,,20556 [15318-26435],20556.00000,15318.37000,26434.98000,,,
VIOLENCE_HOMICIDENUM,Estimates of number of homicides,https://www.who.int/data/gho/indicator-metadata-registry/imr-details/4464,PUBLISHED,Published,,2015,2015,,AFR,Africa,,ZAF,2015,2015,South Africa,,BTSX,Both sexes,,,,,,,,,,,,,,,,,,,,21073 [15200-27736],21073.40000,15200.47000,27736.04000,,,
VIOLENCE_HOMICIDENUM,Estimates of number of homicides,https://www.who.int/data/gho/indicator-metadata-registry/imr-details/4464,PUBLISHED,Published,,2012,2012,,AFR,Africa,,ZAF,2012,2012,South Africa,,BTSX,Both sexes,,,,,,,,,,,,,,,,,,,,19147 [13963-24762],19146.78000,13963.21000,24762.47000,,,
VIOLENCE_HOMICIDENUM,Estimates of number of homicides,https://www.who.int/data/gho/indicator-metadata-registry/imr-details/4464,PUBLISHED,Published,,2009,2009,,AFR,Africa,,ZAF,2009,2009,South Africa,,MLE,Male,,,,,,,,,,,,,,,,,,,,15649 [12387-19251],15649.01000,12386.95000,19250.70000,,,
VIOLENCE_HOMICIDENUM,Estimates of number of homicides,https://www.who.int/data/gho/indicator-metadata-registry/imr-details/4464,PUBLISHED,Published,,2017,2017,,AFR,Africa,,ZAF,2017,2017,South Africa,,MLE,Male,,,,,,,,,,,,,,,,,,,,18160 [13354-23379],18159.83000,13353.89000,23379.41000,,,
VIOLENCE_HOMICIDENUM,Estimates of number of homicides,https://www.who.int/data/gho/indicator-metadata-registry/imr-details/4464,PUBLISHED,Published,,2001,2001,,AFR,Africa,,ZAF,2001,2001,South Africa,,FMLE,Female,,,,,,,,,,,,,,,,,,,,5044 [3318-6852],5044.02900,3318.31500,6852.45000,,,
VIOLENCE_HOMICIDENUM,Estimates of number of homicides,https://www.who.int/data/gho/indicator-metadata-registry/imr-details/4464,PUBLISHED,Published,,2006,2006,,AFR,Africa,,ZAF,2006,2006,South Africa,,FMLE,Female,,,,,,,,,,,,,,,,,,,,4628 [2785-6781],4628.25900,2784.93800,6780.88000,,,
VIOLENCE_HOMICIDERATE,Estimates of rates of homicides per 100 000 population,https://www.who.int/data/gho/indicator-metadata-registry/imr-details/4465,PUBLISHED,Published,,2017,2017,,AFR,Africa,,ZAF,2017,2017,South Africa,,BTSX,Both sexes,,,,,,,,,,,,,,,,,,,,39.3 [27.6-53.1],39.34142,27.56138,53.12806,,,
VIOLENCE_HOMICIDERATE,Estimates of rates of homicides per 100 000 population,https://www.who.int/data/gho/indicator-metadata-registry/imr-details/4465,PUBLISHED,Published,,2002,2002,,AFR,Africa,,ZAF,2002,2002,South Africa,,FMLE,Female,,,,,,,,,,,,,,,,,,,,21.5 [13.9-29.6],21.46179,13.93077,29.61858,,,
VIOLENCE_HOMICIDERATE,Estimates of rates of homicides per 100 000 population,https://www.who.int/data/gho/indicator-metadata-registry/imr-details/4465,PUBLISHED,Published,,2014,2014,,AFR,Africa,,ZAF,2014,2014,South Africa,,MLE,Male,,,,,,,,,,,,,,,,,,,,61.4 [47.1-75.7],61.35397,47.13587,75.70724,,,
VIOLENCE_HOMICIDERATE,Estimates of rates of homicides per 100 000 population,https://www.who.int/data/gho/indicator-metadata-registry/imr-details/4465,PUBLISHED,Published,,2012,2012,,AFR,Africa,,ZAF,2012,2012,South Africa,,MLE,Male,,,,,,,,,,,,,,,,,,,,59.3 [45.8-73.0],59.25627,45.76266,73.01105,,,
VIOLENCE_HOMICIDERATE,Estimates of rates of homicides per 100 000 population,https://www.who.int/data/gho/indicator-metadata-registry/imr-details/4465,PUBLISHED,Published,,2018,2018,,AFR,Africa,,ZAF,2018,2018,South Africa,,MLE,Male,,,,,,,,,,,,,,,,,,,,59.6 [45.6-75.0],59.57932,45.63950,75.02824,,,
VIOLENCE_HOMICIDERATE,Estimates of rates of homicides per 100 000 population,https://www.who.int/data/gho/indicator-metadata-registry/imr-details/4465,PUBLISHED,Published,,2000,2000,,AFR,Africa,,ZAF,2000,2000,South Africa,,BTSX,Both sexes,,,,,,,,,,,,,,,,,,,,53.8 [42.7-65.9],53.80873,42.65223,65.85844,,,
VIOLENCE_HOMICIDERATE,Estimates of rates of homicides per 100 000 population,https://www.who.int/data/gho/indicator-metadata-registry/imr-details/4465,PUBLISHED,Published,,2017,2017,,AFR,Africa,,ZAF,2017,2017,South Africa,,FMLE,Female,,,,,,,,,,,,,,,,,,,,14.8 [8.2-23.9],14.77627,8.16518,23.91545,,,
VIOLENCE_HOMICIDERATE,Estimates of rates of homicides per 100 000 population,https://www.who.int/data/gho/indicator-metadata-registry/imr-details/4465,PUBLISHED,Published,,2015,2015,,AFR,Africa,,ZAF,2015,2015,South Africa,,FMLE,Female,,,,,,,,,,,,,,,,,,,,14.1 [7.7-22.8],14.11693,7.72412,22.80375,,,
VIOLENCE_HOMICIDERATE,Estimates of rates of homicides per 100 000 population,https://www.who.int/data/gho/indicator-metadata-registry/imr-details/4465,PUBLISHED,Published,,2011,2011,,AFR,Africa,,ZAF,2011,2011,South Africa,,BTSX,Both sexes,,,,,,,,,,,,,,,,,,,,36.2 [26.3-46.8],36.17700,26.32874,46.78490,,,
VIOLENCE_HOMICIDERATE,Estimates of rates of homicides per 100 000 population,https://www.who.int/data/gho/indicator-metadata-registry/imr-details/4465,PUBLISHED,Published,,2000,2000,,AFR,Africa,,ZAF,2000,2000,South Africa,,FMLE,Female,,,,,,,,,,,,,,,,,,,,22.3 [15.5-29.6],22.34562,15.47592,29.62901,,,
VIOLENCE_HOMICIDERATE,Estimates of rates of homicides per 100 000 population,https://www.who.int/data/gho/indicator-metadata-registry/imr-details/4465,PUBLISHED,Published,,2006,2006,,AFR,Africa,,ZAF,2006,2006,South Africa,,BTSX,Both sexes,,,,,,,,,,,,,,,,,,,,45.0 [34.0-57.5],45.02664,33.99454,57.47229,,,
VIOLENCE_HOMICIDERATE,Estimates of rates of homicides per 100 000 population,https://www.who.int/data/gho/indicator-metadata-registry/imr-details/4465,PUBLISHED,Published,,2005,2005,,AFR,Africa,,ZAF,2005,2005,South Africa,,FMLE,Female,,,,,,,,,,,,,,,,,,,,18.8 [11.6-27.2],18.79290,11.60315,27.23520,,,
VIOLENCE_HOMICIDERATE,Estimates of rates of homicides per 100 000 population,https://www.who.int/data/gho/indicator-metadata-registry/imr-details/4465,PUBLISHED,Published,,2003,2003,,AFR,Africa,,ZAF,2003,2003,South Africa,,BTSX,Both sexes,,,,,,,,,,,,,,,,,,,,48.9 [37.8-61.1],48.91275,37.83619,61.12848,,,
VIOLENCE_HOMICIDERATE,Estimates of rates of homicides per 100 000 population,https://www.who.int/data/gho/indicator-metadata-registry/imr-details/4465,PUBLISHED,Published,,2011,2011,,AFR,Africa,,ZAF,2011,2011,South Africa,,FMLE,Female,,,,,,,,,,,,,,,,,,,,14.0 [7.5-21.4],13.95469,7.53872,21.41425,,,
VIOLENCE_HOMICIDERATE,Estimates of rates of homicides per 100 000 population,https://www.who.int/data/gho/indicator-metadata-registry/imr-details/4465,PUBLISHED,Published,,2005,2005,,AFR,Africa,,ZAF,2005,2005,South Africa,,MLE,Male,,,,,,,,,,,,,,,,,,,,74.1 [59.4-90.1],74.11872,59.39161,90.12455,,,
VIOLENCE_HOMICIDERATE,Estimates of rates of homicides per 100 000 population,https://www.who.int/data/gho/indicator-metadata-registry/imr-details/4465,PUBLISHED,Published,,2013,2013,,AFR,Africa,,ZAF,2013,2013,South Africa,,BTSX,Both sexes,,,,,,,,,,,,,,,,,,,,36.6 [26.7-47.3],36.64966,26.65963,47.33021,,,
VIOLENCE_HOMICIDERATE,Estimates of rates of homicides per 100 000 population,https://www.who.int/data/gho/indicator-metadata-registry/imr-details/4465,PUBLISHED,Published,,2019,2019,,AFR,Africa,,ZAF,2019,2019,South Africa,,FMLE,Female,,,,,,,,,,,,,,,,,,,,13.6 [8.6-19.8],13.64325,8.58763,19.76125,,,
VIOLENCE_HOMICIDERATE,Estimates of rates of homicides per 100 000 population,https://www.who.int/data/gho/indicator-metadata-registry/imr-details/4465,PUBLISHED,Published,,2009,2009,,AFR,Africa,,ZAF,2009,2009,South Africa,,FMLE,Female,,,,,,,,,,,,,,,,,,,,16.1 [9.0-24.1],16.09378,9.01582,24.10902,,,
VIOLENCE_HOMICIDERATE,Estimates of rates of homicides per 100 000 population,https://www.who.int/data/gho/indicator-metadata-registry/imr-details/4465,PUBLISHED,Published,,2002,2002,,AFR,Africa,,ZAF,2002,2002,South Africa,,BTSX,Both sexes,,,,,,,,,,,,,,,,,,,,51.5 [40.0-64.0],51.48269,40.01579,63.96639,,,
VIOLENCE_HOMICIDERATE,Estimates of rates of homicides per 100 000 population,https://www.who.int/data/gho/indicator-metadata-registry/imr-details/4465,PUBLISHED,Published,,2012,2012,,AFR,Africa,,ZAF,2012,2012,South Africa,,BTSX,Both sexes,,,,,,,,,,,,,,,,,,,,36.2 [26.4-46.9],36.24042,26.42912,46.86963,,,
VIOLENCE_HOMICIDERATE,Estimates of rates of homicides per 100 000 population,https://www.who.int/data/gho/indicator-metadata-registry/imr-details/4465,PUBLISHED,Published,,2000,2000,,AFR,Africa,,ZAF,2000,2000,South Africa,,MLE,Male,,,,,,,,,,,,,,,,,,,,86.2 [70.6-103.1],86.15805,70.59401,103.10830,,,
VIOLENCE_HOMICIDERATE,Estimates of rates of homicides per 100 000 population,https://www.who.int/data/gho/indicator-metadata-registry/imr-details/4465,PUBLISHED,Published,,2014,2014,,AFR,Africa,,ZAF,2014,2014,South Africa,,FMLE,Female,,,,,,,,,,,,,,,,,,,,13.8 [7.7-21.8],13.84400,7.71730,21.75276,,,
VIOLENCE_HOMICIDERATE,Estimates of rates of homicides per 100 000 population,https://www.who.int/data/gho/indicator-metadata-registry/imr-details/4465,PUBLISHED,Published,,2004,2004,,AFR,Africa,,ZAF,2004,2004,South Africa,,FMLE,Female,,,,,,,,,,,,,,,,,,,,19.3 [12.1-27.6],19.33337,12.13794,27.62464,,,
VIOLENCE_HOMICIDERATE,Estimates of rates of homicides per 100 000 population,https://www.who.int/data/gho/indicator-metadata-registry/imr-details/4465,PUBLISHED,Published,,2010,2010,,AFR,Africa,,ZAF,2010,2010,South Africa,,MLE,Male,,,,,,,,,,,,,,,,,,,,60.4 [47.2-74.0],60.37899,47.23765,73.99232,,,
VIOLENCE_HOMICIDERATE,Estimates of rates of homicides per 100 000 population,https://www.who.int/data/gho/indicator-metadata-registry/imr-details/4465,PUBLISHED,Published,,2016,2016,,AFR,Africa,,ZAF,2016,2016,South Africa,,FMLE,Female,,,,,,,,,,,,,,,,,,,,14.3 [7.7-24.1],14.32545,7.69748,24.08770,,,
VIOLENCE_HOMICIDERATE,Estimates of rates of homicides per 100 000 population,https://www.who.int/data/gho/indicator-metadata-registry/imr-details/4465,PUBLISHED,Published,,2008,2008,,AFR,Africa,,ZAF,2008,2008,South Africa,,BTSX,Both sexes,,,,,,,,,,,,,,,,,,,,41.3 [30.8-53.1],41.29412,30.77247,53.10417,,,
VIOLENCE_HOMICIDERATE,Estimates of rates of homicides per 100 000 population,https://www.who.int/data/gho/indicator-metadata-registry/imr-details/4465,PUBLISHED,Published,,2016,2016,,AFR,Africa,,ZAF,2016,2016,South Africa,,MLE,Male,,,,,,,,,,,,,,,,,,,,63.5 [46.9-81.1],63.49092,46.87114,81.13141,,,
VIOLENCE_HOMICIDERATE,Estimates of rates of homicides per 100 000 population,https://www.who.int/data/gho/indicator-metadata-registry/imr-details/4465,PUBLISHED,Published,,2018,2018,,AFR,Africa,,ZAF,2018,2018,South Africa,,FMLE,Female,,,,,,,,,,,,,,,,,,,,13.8 [8.1-20.4],13.76101,8.14880,20.35138,,,
VIOLENCE_HOMICIDERATE,Estimates of rates of homicides per 100 000 population,https://www.who.int/data/gho/indicator-metadata-registry/imr-details/4465,PUBLISHED,Published,,2007,2007,,AFR,Africa,,ZAF,2007,2007,South Africa,,FMLE,Female,,,,,,,,,,,,,,,,,,,,18.1 [10.4-26.9],18.06390,10.40824,26.93707,,,
VIOLENCE_HOMICIDERATE,Estimates of rates of homicides per 100 000 population,https://www.who.int/data/gho/indicator-metadata-registry/imr-details/4465,PUBLISHED,Published,,2013,2013,,AFR,Africa,,ZAF,2013,2013,South Africa,,FMLE,Female,,,,,,,,,,,,,,,,,,,,13.7 [7.6-21.4],13.72802,7.56645,21.41232,,,
VIOLENCE_HOMICIDERATE,Estimates of rates of homicides per 100 000 population,https://www.who.int/data/gho/indicator-metadata-registry/imr-details/4465,PUBLISHED,Published,,2010,2010,,AFR,Africa,,ZAF,2010,2010,South Africa,,FMLE,Female,,,,,,,,,,,,,,,,,,,,14.8 [8.2-22.2],14.83527,8.23971,22.20784,,,
SDGIPVLT,Proportion of ever-partnered women and girls aged 1549 years subjected to physical and/or sexual violence by a current or former intimate partner in their lifetime,https://www.who.int/data/gho/indicator-metadata-registry/imr-details/3685,PUBLISHED,Published,,2018,2018,,AFR,Africa,,ZAF,2018,2018,South Africa,,,,,,,,,,,,,,,,,,,,,,,24 [14-36],24.00000,14.00000,36.00000,,,
VIOLENCE_HOMICIDERATE,Estimates of rates of homicides per 100 000 population,https://www.who.int/data/gho/indicator-metadata-registry/imr-details/4465,PUBLISHED,Published,,2004,2004,,AFR,Africa,,ZAF,2004,2004,South Africa,,BTSX,Both sexes,,,,,,,,,,,,,,,,,,,,47.7 [36.6-60.1],47.70211,36.61666,60.10336,,,
VIOLENCE_HOMICIDERATE,Estimates of rates of homicides per 100 000 population,https://www.who.int/data/gho/indicator-metadata-registry/imr-details/4465,PUBLISHED,Published,,2004,2004,,AFR,Africa,,ZAF,2004,2004,South Africa,,MLE,Male,,,,,,,,,,,,,,,,,,,,76.9 [61.8-93.5],76.87467,61.78899,93.50237,,,
VIOLENCE_HOMICIDERATE,Estimates of rates of homicides per 100 000 population,https://www.who.int/data/gho/indicator-metadata-registry/imr-details/4465,PUBLISHED,Published,,2001,2001,,AFR,Africa,,ZAF,2001,2001,South Africa,,FMLE,Female,,,,,,,,,,,,,,,,,,,,21.8 [14.4-29.7],21.83255,14.36298,29.66011,,,
VIOLENCE_HOMICIDERATE,Estimates of rates of homicides per 100 000 population,https://www.who.int/data/gho/indicator-metadata-registry/imr-details/4465,PUBLISHED,Published,,2017,2017,,AFR,Africa,,ZAF,2017,2017,South Africa,,MLE,Male,,,,,,,,,,,,,,,,,,,,64.6 [47.5-83.1],64.57645,47.48651,83.13731,,,
VIOLENCE_HOMICIDERATE,Estimates of rates of homicides per 100 000 population,https://www.who.int/data/gho/indicator-metadata-registry/imr-details/4465,PUBLISHED,Published,,2009,2009,,AFR,Africa,,ZAF,2009,2009,South Africa,,BTSX,Both sexes,,,,,,,,,,,,,,,,,,,,39.2 [29.1-50.4],39.15692,29.10808,50.35353,,,
VIOLENCE_HOMICIDERATE,Estimates of rates of homicides per 100 000 population,https://www.who.int/data/gho/indicator-metadata-registry/imr-details/4465,PUBLISHED,Published,,2011,2011,,AFR,Africa,,ZAF,2011,2011,South Africa,,MLE,Male,,,,,,,,,,,,,,,,,,,,59.0 [45.6-72.8],58.98790,45.61644,72.82752,,,
VIOLENCE_HOMICIDERATE,Estimates of rates of homicides per 100 000 population,https://www.who.int/data/gho/indicator-metadata-registry/imr-details/4465,PUBLISHED,Published,,2003,2003,,AFR,Africa,,ZAF,2003,2003,South Africa,,FMLE,Female,,,,,,,,,,,,,,,,,,,,20.3 [13.0-28.4],20.25650,12.96501,28.42860,,,
VIOLENCE_HOMICIDERATE,Estimates of rates of homicides per 100 000 population,https://www.who.int/data/gho/indicator-metadata-registry/imr-details/4465,PUBLISHED,Published,,2001,2001,,AFR,Africa,,ZAF,2001,2001,South Africa,,MLE,Male,,,,,,,,,,,,,,,,,,,,84.6 [69.0-101.5],84.62907,68.98546,101.54230,,,
VIOLENCE_HOMICIDERATE,Estimates of rates of homicides per 100 000 population,https://www.who.int/data/gho/indicator-metadata-registry/imr-details/4465,PUBLISHED,Published,,2014,2014,,AFR,Africa,,ZAF,2014,2014,South Africa,,BTSX,Both sexes,,,,,,,,,,,,,,,,,,,,37.3 [27.2-48.4],37.29583,27.17506,48.38572,,,
VIOLENCE_HOMICIDERATE,Estimates of rates of homicides per 100 000 population,https://www.who.int/data/gho/indicator-metadata-registry/imr-details/4465,PUBLISHED,Published,,2006,2006,,AFR,Africa,,ZAF,2006,2006,South Africa,,MLE,Male,,,,,,,,,,,,,,,,,,,,72.0 [57.3-88.2],71.95663,57.29303,88.19330,,,
VIOLENCE_HOMICIDERATE,Estimates of rates of homicides per 100 000 population,https://www.who.int/data/gho/indicator-metadata-registry/imr-details/4465,PUBLISHED,Published,,2016,2016,,AFR,Africa,,ZAF,2016,2016,South Africa,,BTSX,Both sexes,,,,,,,,,,,,,,,,,,,,38.6 [27.0-52.2],38.58619,27.02775,52.23597,,,
VIOLENCE_HOMICIDERATE,Estimates of rates of homicides per 100 000 population,https://www.who.int/data/gho/indicator-metadata-registry/imr-details/4465,PUBLISHED,Published,,2008,2008,,AFR,Africa,,ZAF,2008,2008,South Africa,,MLE,Male,,,,,,,,,,,,,,,,,,,,66.0 [52.4-81.1],65.97544,52.36927,81.09850,,,
VIOLENCE_HOMICIDERATE,Estimates of rates of homicides per 100 000 population,https://www.who.int/data/gho/indicator-metadata-registry/imr-details/4465,PUBLISHED,Published,,2019,2019,,AFR,Africa,,ZAF,2019,2019,South Africa,,MLE,Male,,,,,,,,,,,,,,,,,,,,58.7 [45.2-74.5],58.72516,45.24855,74.48888,,,
VIOLENCE_HOMICIDERATE,Estimates of rates of homicides per 100 000 population,https://www.who.int/data/gho/indicator-metadata-registry/imr-details/4465,PUBLISHED,Published,,2008,2008,,AFR,Africa,,ZAF,2008,2008,South Africa,,FMLE,Female,,,,,,,,,,,,,,,,,,,,17.3 [9.8-25.9],17.27245,9.75287,25.85803,,,
VIOLENCE_HOMICIDERATE,Estimates of rates of homicides per 100 000 population,https://www.who.int/data/gho/indicator-metadata-registry/imr-details/4465,PUBLISHED,Published,,2006,2006,,AFR,Africa,,ZAF,2006,2006,South Africa,,FMLE,Female,,,,,,,,,,,,,,,,,,,,18.8 [11.3-27.6],18.82988,11.33040,27.58772,,,
VIOLENCE_HOMICIDERATE,Estimates of rates of homicides per 100 000 population,https://www.who.int/data/gho/indicator-metadata-registry/imr-details/4465,PUBLISHED,Published,,2002,2002,,AFR,Africa,,ZAF,2002,2002,South Africa,,MLE,Male,,,,,,,,,,,,,,,,,,,,82.4 [66.8-99.3],82.35463,66.84028,99.28790,,,
VIOLENCE_HOMICIDERATE,Estimates of rates of homicides per 100 000 population,https://www.who.int/data/gho/indicator-metadata-registry/imr-details/4465,PUBLISHED,Published,,2005,2005,,AFR,Africa,,ZAF,2005,2005,South Africa,,BTSX,Both sexes,,,,,,,,,,,,,,,,,,,,46.1 [35.2-58.2],46.07122,35.16518,58.24270,,,
VIOLENCE_HOMICIDERATE,Estimates of rates of homicides per 100 000 population,https://www.who.int/data/gho/indicator-metadata-registry/imr-details/4465,PUBLISHED,Published,,2015,2015,,AFR,Africa,,ZAF,2015,2015,South Africa,,MLE,Male,,,,,,,,,,,,,,,,,,,,62.6 [47.7-78.1],62.60265,47.67859,78.06172,,,
VIOLENCE_HOMICIDERATE,Estimates of rates of homicides per 100 000 population,https://www.who.int/data/gho/indicator-metadata-registry/imr-details/4465,PUBLISHED,Published,,2007,2007,,AFR,Africa,,ZAF,2007,2007,South Africa,,MLE,Male,,,,,,,,,,,,,,,,,,,,70.3 [55.7-86.2],70.27493,55.73353,86.15234,,,
VIOLENCE_HOMICIDERATE,Estimates of rates of homicides per 100 000 population,https://www.who.int/data/gho/indicator-metadata-registry/imr-details/4465,PUBLISHED,Published,,2018,2018,,AFR,Africa,,ZAF,2018,2018,South Africa,,BTSX,Both sexes,,,,,,,,,,,,,,,,,,,,36.4 [26.6-47.3],36.35212,26.63391,47.31027,,,
VIOLENCE_HOMICIDERATE,Estimates of rates of homicides per 100 000 population,https://www.who.int/data/gho/indicator-metadata-registry/imr-details/4465,PUBLISHED,Published,,2013,2013,,AFR,Africa,,ZAF,2013,2013,South Africa,,MLE,Male,,,,,,,,,,,,,,,,,,,,60.2 [46.2-73.9],60.16509,46.24742,73.91950,,,
VIOLENCE_HOMICIDERATE,Estimates of rates of homicides per 100 000 population,https://www.who.int/data/gho/indicator-metadata-registry/imr-details/4465,PUBLISHED,Published,,2012,2012,,AFR,Africa,,ZAF,2012,2012,South Africa,,FMLE,Female,,,,,,,,,,,,,,,,,,,,13.8 [7.6-21.4],13.81110,7.58827,21.39438,,,
VIOLENCE_HOMICIDERATE,Estimates of rates of homicides per 100 000 population,https://www.who.int/data/gho/indicator-metadata-registry/imr-details/4465,PUBLISHED,Published,,2015,2015,,AFR,Africa,,ZAF,2015,2015,South Africa,,BTSX,Both sexes,,,,,,,,,,,,,,,,,,,,38.0 [27.4-50.1],38.04798,27.44442,50.07738,,,
VIOLENCE_HOMICIDERATE,Estimates of rates of homicides per 100 000 population,https://www.who.int/data/gho/indicator-metadata-registry/imr-details/4465,PUBLISHED,Published,,2001,2001,,AFR,Africa,,ZAF,2001,2001,South Africa,,BTSX,Both sexes,,,,,,,,,,,,,,,,,,,,52.8 [41.3-65.1],52.79314,41.29352,65.10020,,,
SDGIPV12M,Proportion of ever-partnered women and girls aged 1549 years subjected to physical and/or sexual violence by a current or former intimate partner in the previous 12 months,https://www.who.int/data/gho/indicator-metadata-registry/imr-details/3685,PUBLISHED,Published,,2018,2018,,AFR,Africa,,ZAF,2018,2018,South Africa,,,,,,,,,,,,,,,,,,,,,,,13 [7-23],13.00000,7.00000,23.00000,,,
